stock_id,market,board_date,start,end,planned_shares,bought_shares,done_flag,status,method,trader_id,trader_name,error_pct,sell_ratio_pct,up_days_pct,closest_trader,closest_error_pct,closest_sell_ratio_pct
1101,上市,2023-01-04,2023-01-05,2023-03-03,20000000.0,20000000.0,Y,辨識成功,股數對上,9833,元大敦化,-3.44,3.47,90,9833 元大敦化,-3.4,3.5
1101,上市,2025-06-30,2025-07-01,2025-08-01,10000000.0,10000000.0,Y,無法辨識(沒有分點符合),,,,,,,9833 元大敦化,-6.1,7.1
1101,上市,2025-06-30,2025-08-04,2025-08-29,28000000.0,28000000.0,Y,辨識成功,股數對上,9833,元大敦化,0.64,0.38,88,9833 元大敦化,0.6,0.4
1103,上市,2025-04-10,2025-04-11,2025-06-10,3500000.0,1574000.0,Y,不在分點歷史資料的 400 檔股票內,,,,,,,,,
1210,上市,2024-03-14,2024-03-15,2024-05-14,9000000.0,9000000.0,Y,不在分點歷史資料的 400 檔股票內,,,,,,,,,
1229,上市,2026-05-25,2026-05-26,2026-07-24,14000000.0,1763000.0,Y,不在分點歷史資料的 400 檔股票內,,,,,,,,,
1294,上櫃,2024-12-26,2024-12-27,2025-02-26,300000.0,300000.0,Y,不在分點歷史資料的 400 檔股票內,,,,,,,,,
1294,上櫃,2025-08-07,2025-08-08,2025-10-07,500000.0,500000.0,Y,不在分點歷史資料的 400 檔股票內,,,,,,,,,
1338,上市,2024-08-15,2024-08-16,2024-10-15,2000000.0,1500000.0,Y,不在分點歷史資料的 400 檔股票內,,,,,,,,,
1338,上市,2025-01-22,2025-01-23,2025-03-22,1000000.0,598000.0,Y,不在分點歷史資料的 400 檔股票內,,,,,,,,,
1338,上市,2025-05-14,2025-05-15,2025-07-14,1000000.0,983000.0,Y,不在分點歷史資料的 400 檔股票內,,,,,,,,,
1342,上市,2025-11-05,2025-11-06,2025-12-10,1248000.0,1248000.0,Y,不在分點歷史資料的 400 檔股票內,,,,,,,,,
1410,上市,2025-05-08,2025-05-19,2025-07-08,3000000.0,1000000.0,Y,不在分點歷史資料的 400 檔股票內,,,,,,,,,
1432,上市,2026-07-03,2026-07-06,2026-09-02,2000000.0,165000.0,Y,不在分點歷史資料的 400 檔股票內,,,,,,,,,
1437,上市,2025-11-07,2025-11-12,2026-01-06,1500000.0,1500000.0,Y,不在分點歷史資料的 400 檔股票內,,,,,,,,,
1437,上市,2026-06-18,2026-06-18,2026-08-17,500000.0,500000.0,Y,不在分點歷史資料的 400 檔股票內,,,,,,,,,
1437,上市,2026-09-11,2026-09-11,2026-11-10,750000.0,750000.0,Y,不在分點歷史資料的 400 檔股票內,,,,,,,,,
1440,上市,2025-05-09,2025-05-12,2025-07-11,30000000.0,0.0,Y,執行中或尚無實際買回股數(無法推算),,,,,,,,,
1467,上市,2025-04-18,2025-04-21,2025-06-20,5000000.0,2950000.0,Y,不在分點歷史資料的 400 檔股票內,,,,,,,,,
1504,上市,2025-03-14,2025-03-17,2025-05-16,5000000.0,5000000.0,Y,辨識成功,股數對上,9A92,永豐萬盛,-0.95,2.26,85,9A92 永豐萬盛,-1.0,2.3
1517,上市,2025-08-11,2025-08-12,2025-10-11,3500000.0,3300000.0,Y,不在分點歷史資料的 400 檔股票內,,,,,,,,,
1530,上市,2025-04-17,2025-04-18,2025-06-16,2000000.0,2000000.0,Y,不在分點歷史資料的 400 檔股票內,,,,,,,,,
1532,上市,2025-06-17,2025-06-18,2025-08-16,10000000.0,6341000.0,Y,不在分點歷史資料的 400 檔股票內,,,,,,,,,
1536,上市,2025-04-09,2025-04-10,2025-06-09,15000000.0,558000.0,Y,無法辨識(沒有分點符合),,,,,,,9A9Z 永豐復興,0.4,45.7
1558,上市,2025-11-06,2025-11-07,2026-01-06,2000000.0,2000000.0,Y,不在分點歷史資料的 400 檔股票內,,,,,,,,,
1563,上市,2024-12-26,2024-12-27,2025-02-26,10000000.0,8520000.0,Y,不在分點歷史資料的 400 檔股票內,,,,,,,,,
1563,上市,2025-03-03,2025-03-04,2025-05-03,8000000.0,7002000.0,Y,不在分點歷史資料的 400 檔股票內,,,,,,,,,
1563,上市,2025-12-24,2025-12-24,2026-02-23,10000000.0,5174000.0,Y,不在分點歷史資料的 400 檔股票內,,,,,,,,,
1580,上櫃,2025-04-11,2025-04-14,2025-06-13,1000000.0,891000.0,Y,不在分點歷史資料的 400 檔股票內,,,,,,,,,
1583,上市,2025-04-18,2025-04-21,2025-06-20,1000000.0,1000000.0,Y,不在分點歷史資料的 400 檔股票內,,,,,,,,,
1584,上櫃,2025-07-31,2025-08-01,2025-09-30,5000000.0,3134000.0,Y,不在分點歷史資料的 400 檔股票內,,,,,,,,,
1584,上櫃,2025-10-29,2025-10-30,2025-12-29,5000000.0,4384000.0,Y,不在分點歷史資料的 400 檔股票內,,,,,,,,,
1586,上櫃,2024-08-10,2024-08-12,2024-10-11,1000000.0,500000.0,Y,不在分點歷史資料的 400 檔股票內,,,,,,,,,
1587,上市,2024-01-27,2024-01-29,2024-03-28,500000.0,250000.0,Y,不在分點歷史資料的 400 檔股票內,,,,,,,,,
1595,上櫃,2025-05-12,2025-05-13,2025-07-12,1500000.0,233000.0,Y,不在分點歷史資料的 400 檔股票內,,,,,,,,,
1598,上市,2025-06-04,2025-06-05,2025-08-04,4000000.0,4000000.0,Y,不在分點歷史資料的 400 檔股票內,,,,,,,,,
1598,上市,2025-09-18,2025-09-19,2025-11-18,4000000.0,4000000.0,Y,不在分點歷史資料的 400 檔股票內,,,,,,,,,
1598,上市,2026-03-10,2026-03-11,2026-05-10,3000000.0,2880000.0,Y,不在分點歷史資料的 400 檔股票內,,,,,,,,,
1599,上櫃,2025-06-25,2025-06-26,2025-08-25,1000000.0,1000000.0,Y,不在分點歷史資料的 400 檔股票內,,,,,,,,,
1626,上市,2024-08-14,2024-08-15,2024-10-14,3000000.0,3000000.0,Y,不在分點歷史資料的 400 檔股票內,,,,,,,,,
1714,上市,2025-03-12,2025-03-13,2025-05-12,25000000.0,25000000.0,Y,不在分點歷史資料的 400 檔股票內,,,,,,,,,
1717,上市,2025-05-09,2025-05-12,2025-07-11,10000000.0,6020000.0,Y,辨識成功,穩定買超,5851,統一高雄,12.23,1.59,90,5851 統一高雄,12.2,1.6
1762,上市,2025-04-14,2025-04-15,2025-06-14,1000000.0,642000.0,Y,不在分點歷史資料的 400 檔股票內,,,,,,,,,
1784,上櫃,2025-01-06,2025-01-07,2025-03-06,500000.0,220000.0,Y,不在分點歷史資料的 400 檔股票內,,,,,,,,,
1784,上櫃,2025-06-17,2025-06-18,2025-08-17,500000.0,432000.0,Y,不在分點歷史資料的 400 檔股票內,,,,,,,,,
1784,上櫃,2026-05-08,2026-05-11,2026-07-07,600000.0,512000.0,Y,不在分點歷史資料的 400 檔股票內,,,,,,,,,
1786,上市,2026-01-27,2026-01-28,2026-03-27,5000000.0,0.0,Y,執行中或尚無實際買回股數(無法推算),,,,,,,,,
1786,上市,2026-05-14,2026-05-15,2026-07-13,5000000.0,2136000.0,Y,不在分點歷史資料的 400 檔股票內,,,,,,,,,
1795,上市,2025-04-10,2025-04-11,2025-06-09,4000000.0,3650000.0,Y,無法辨識(沒有分點符合),,,,,,,9200 凱基,-0.8,11.9
1806,上市,2024-08-13,2024-08-14,2024-10-11,8000000.0,3887000.0,Y,不在分點歷史資料的 400 檔股票內,,,,,,,,,
1815,上櫃,2025-04-09,2025-04-10,2025-06-09,10000000.0,600000.0,Y,無法辨識(沒有分點符合),,,,,,,1028 合庫彰化,1.3,76.4
1909,上市,2025-04-10,2025-04-11,2025-06-09,10000000.0,3505000.0,Y,不在分點歷史資料的 400 檔股票內,,,,,,,,,
1909,上市,2025-06-09,2025-06-10,2025-08-09,8000000.0,8000000.0,Y,不在分點歷史資料的 400 檔股票內,,,,,,,,,
1909,上市,2025-07-17,2025-07-18,2025-09-17,10000000.0,2498000.0,Y,不在分點歷史資料的 400 檔股票內,,,,,,,,,
1909,上市,2025-09-24,2025-09-25,2025-11-24,8000000.0,5888000.0,Y,不在分點歷史資料的 400 檔股票內,,,,,,,,,
1909,上市,2026-03-06,2026-03-09,2026-05-08,8000000.0,6370000.0,Y,不在分點歷史資料的 400 檔股票內,,,,,,,,,
1909,上市,2026-05-11,2026-05-11,2026-07-10,8000000.0,8000000.0,Y,不在分點歷史資料的 400 檔股票內,,,,,,,,,
1909,上市,2026-05-28,2026-05-28,2026-07-27,10000000.0,1042000.0,Y,不在分點歷史資料的 400 檔股票內,,,,,,,,,
2002,上市,2023-11-03,2023-11-06,2024-01-05,150000000.0,150000000.0,Y,無法辨識(沒有分點符合),,,,,,,700I 兆豐北高,-34.9,7.8
2008,上市,2023-03-07,2023-03-08,2023-05-07,10000000.0,10000000.0,Y,不在分點歷史資料的 400 檔股票內,,,,,,,,,
2023,上市,2023-05-04,2023-05-05,2023-07-04,20000000.0,10021000.0,Y,不在分點歷史資料的 400 檔股票內,,,,,,,,,
2023,上市,2023-08-14,2023-08-15,2023-10-14,20000000.0,16673000.0,Y,不在分點歷史資料的 400 檔股票內,,,,,,,,,
2023,上市,2023-10-16,2023-10-17,2023-12-16,20000000.0,3860000.0,Y,不在分點歷史資料的 400 檔股票內,,,,,,,,,
2023,上市,2024-11-05,2024-11-06,2025-01-05,10000000.0,10000000.0,Y,不在分點歷史資料的 400 檔股票內,,,,,,,,,
2023,上市,2024-12-04,2024-12-05,2025-02-04,15000000.0,15000000.0,Y,不在分點歷史資料的 400 檔股票內,,,,,,,,,
2023,上市,2024-12-31,2025-01-02,2025-03-01,15000000.0,7220000.0,Y,不在分點歷史資料的 400 檔股票內,,,,,,,,,
2023,上市,2025-04-08,2025-04-09,2025-06-08,30000000.0,25641000.0,Y,不在分點歷史資料的 400 檔股票內,,,,,,,,,
2023,上市,2025-06-09,2025-06-10,2025-08-09,20000000.0,15236000.0,Y,不在分點歷史資料的 400 檔股票內,,,,,,,,,
2023,上市,2025-08-12,2025-08-12,2025-10-11,15000000.0,7880000.0,Y,不在分點歷史資料的 400 檔股票內,,,,,,,,,
2023,上市,2025-10-13,2025-10-14,2025-12-13,12000000.0,12000000.0,Y,不在分點歷史資料的 400 檔股票內,,,,,,,,,
2023,上市,2025-11-17,2025-11-18,2026-01-17,15000000.0,15000000.0,Y,不在分點歷史資料的 400 檔股票內,,,,,,,,,
2023,上市,2026-01-06,2026-01-07,2026-03-06,15000000.0,15000000.0,Y,不在分點歷史資料的 400 檔股票內,,,,,,,,,
2023,上市,2026-03-05,2026-03-06,2026-05-05,20000000.0,20000000.0,Y,不在分點歷史資料的 400 檔股票內,,,,,,,,,
2023,上市,2026-04-23,2026-04-24,2026-06-23,20000000.0,20000000.0,Y,不在分點歷史資料的 400 檔股票內,,,,,,,,,
2023,上市,2026-05-26,2026-05-26,2026-07-25,20000000.0,16298000.0,Y,不在分點歷史資料的 400 檔股票內,,,,,,,,,
2023,上市,2026-07-27,2026-07-28,2026-09-26,15000000.0,7840000.0,Y,不在分點歷史資料的 400 檔股票內,,,,,,,,,
2023,上市,2026-09-29,2026-09-30,2026-11-28,15000000.0,,N,執行中或尚無實際買回股數(無法推算),,,,,,,,,
2028,上市,2023-11-10,2023-11-13,2024-01-12,2000000.0,429000.0,Y,不在分點歷史資料的 400 檔股票內,,,,,,,,,
2030,上市,2024-08-14,2024-08-14,2024-10-13,2000000.0,1760000.0,Y,不在分點歷史資料的 400 檔股票內,,,,,,,,,
2030,上市,2024-12-18,2024-12-18,2025-02-17,2000000.0,2000000.0,Y,不在分點歷史資料的 400 檔股票內,,,,,,,,,
2030,上市,2025-04-10,2025-04-10,2025-06-09,3000000.0,800000.0,Y,不在分點歷史資料的 400 檔股票內,,,,,,,,,
2063,上櫃,2024-12-19,2024-12-20,2025-02-19,1500000.0,1500000.0,Y,不在分點歷史資料的 400 檔股票內,,,,,,,,,
2066,上櫃,2025-08-12,2025-08-12,2025-10-11,500000.0,260000.0,Y,不在分點歷史資料的 400 檔股票內,,,,,,,,,
2101,上市,2025-04-09,2025-04-10,2025-06-09,11000000.0,3199000.0,Y,不在分點歷史資料的 400 檔股票內,,,,,,,,,
2101,上市,2025-07-08,2025-07-08,2025-09-07,2200000.0,1833000.0,Y,不在分點歷史資料的 400 檔股票內,,,,,,,,,
2101,上市,2025-11-04,2025-11-04,2026-01-03,2200000.0,2037000.0,Y,不在分點歷史資料的 400 檔股票內,,,,,,,,,
2101,上市,2026-01-05,2026-01-05,2026-03-04,2200000.0,2200000.0,Y,不在分點歷史資料的 400 檔股票內,,,,,,,,,
2101,上市,2026-02-23,2026-02-23,2026-04-22,2200000.0,2200000.0,Y,不在分點歷史資料的 400 檔股票內,,,,,,,,,
2101,上市,2026-05-19,2026-05-19,2026-07-18,2200000.0,2200000.0,Y,不在分點歷史資料的 400 檔股票內,,,,,,,,,
2206,上市,2025-04-08,2025-04-09,2025-06-06,10000000.0,5693000.0,Y,辨識成功,穩定買超,5380,第一金證,15.87,10.81,82,5380 第一金證,15.9,10.8
2206,上市,2025-06-23,2025-06-24,2025-08-22,10000000.0,8121000.0,Y,辨識成功,股數對上,5380,第一金證,0.35,0.16,90,5380 第一金證,0.3,0.2
2206,上市,2026-01-27,2026-01-28,2026-03-27,5000000.0,5000000.0,Y,無法辨識(沒有分點符合),,,,,,,585F 統一彰化,-44.9,2.5
2206,上市,2026-03-13,2026-03-16,2026-05-13,5000000.0,5000000.0,Y,無法辨識(沒有分點符合),,,,,,,884H 玉山新竹,-8.6,16.4
2206,上市,2026-05-20,2026-05-21,2026-07-17,10000000.0,9833000.0,Y,辨識成功,股數對上,5380,第一金證,0.47,1.32,89,5380 第一金證,0.5,1.3
2206,上市,2026-07-22,2026-07-23,2026-09-21,10000000.0,5006000.0,Y,買回期間超出分點歷史資料的日期範圍,,,,,,,,,
2230,上櫃,2026-03-09,2026-03-10,2026-05-09,1000000.0,1000000.0,Y,不在分點歷史資料的 400 檔股票內,,,,,,,,,
2231,上市,2025-04-08,2025-04-09,2025-06-06,5000000.0,5000000.0,Y,不在分點歷史資料的 400 檔股票內,,,,,,,,,
2239,上市,2025-11-11,2025-11-12,2026-01-10,5000000.0,2634000.0,Y,不在分點歷史資料的 400 檔股票內,,,,,,,,,
2254,上市,2025-05-06,2025-05-07,2025-07-06,500000.0,153000.0,Y,不在分點歷史資料的 400 檔股票內,,,,,,,,,
2301,上市,2025-04-09,2025-04-10,2025-06-09,130000000.0,24219000.0,Y,辨識成功,股數對上,918W,群益忠孝,-2.9,0.23,86,918W 群益忠孝,-2.9,0.2
2303,上市,2026-04-29,2026-04-30,2026-06-29,50000000.0,30551000.0,Y,無法辨識(沒有分點符合),,,,,,,920F 凱基站前,2.1,66.9
2324,上市,2026-05-12,2026-05-13,2026-07-10,100000000.0,100000000.0,Y,無法辨識(沒有分點符合),,,,,,,1480 美商高盛,24.2,66.9
2330,上市,2024-06-05,2024-06-06,2024-08-05,3249000.0,3249000.0,Y,無法辨識(沒有分點符合),,,,,,,9216 凱基信義,-1.5,23.7
2352,上市,2024-08-30,2024-08-30,2024-10-29,39335000.0,39335000.0,Y,無法辨識(沒有分點符合),,,,,,,8150 台新,-46.9,4.2
2354,上市,2026-08-06,2026-08-07,2026-10-05,5000000.0,5000000.0,Y,買回期間超出分點歷史資料的日期範圍,,,,,,,,,
2355,上市,2026-03-10,2026-03-11,2026-05-10,3000000.0,150000.0,Y,辨識成功,穩定買超,9B1n,台新屏東,-29.87,63.59,74,9892 元大屏東,0.2,86.9
2355,上市,2026-08-12,2026-08-12,2026-10-11,1200000.0,1200000.0,Y,買回期間超出分點歷史資料的日期範圍,,,,,,,,,
2362,上市,2025-04-09,2025-04-10,2025-06-09,20000000.0,7216000.0,Y,不在分點歷史資料的 400 檔股票內,,,,,,,,,
2363,上市,2026-06-01,2026-06-02,2026-07-31,5000000.0,5000000.0,Y,辨識成功,股數對上,1260,宏遠,1.63,20.19,90,1260 宏遠,1.6,20.2
2367,上市,2025-04-09,2025-04-10,2025-06-09,6000000.0,3154000.0,Y,辨識成功,穩定買超,1440,美林,-7.25,58.08,71,9101 群益敦南,-0.8,2.4
2371,上市,2025-01-06,2025-01-08,2025-03-05,75500000.0,75500000.0,Y,無法辨識(沒有分點符合),,,,,,,9A9Z 永豐復興,-32.9,0.6
2385,上市,2026-06-30,2026-07-01,2026-08-29,6000000.0,5600000.0,Y,辨識成功,股數對上,9A8F,永豐敦南,0.93,0.62,85,9A8F 永豐敦南,0.9,0.6
2388,上市,2026-07-08,2026-07-09,2026-09-07,20000000.0,20000000.0,Y,辨識成功,股數對上,918d,群益內湖,-0.39,0.62,100,918d 群益內湖,-0.4,0.6
2409,上市,2025-02-13,2025-02-14,2025-04-13,153357000.0,120782000.0,Y,無法辨識(沒有分點符合),,,,,,,9268 凱基台北,-21.2,50.3
2421,上市,2025-04-10,2025-04-11,2025-06-10,6000000.0,904000.0,Y,無法辨識(沒有分點符合),,,,,,,5383 第一高雄,-1.7,16.9
2423,上市,2026-08-07,2026-08-10,2026-10-05,1600000.0,630000.0,Y,不在分點歷史資料的 400 檔股票內,,,,,,,,,
2436,上市,2024-04-16,2024-04-17,2024-06-16,1000000.0,1000000.0,Y,不在分點歷史資料的 400 檔股票內,,,,,,,,,
2436,上市,2024-08-07,2024-08-08,2024-10-07,1200000.0,1200000.0,Y,不在分點歷史資料的 400 檔股票內,,,,,,,,,
2436,上市,2025-11-27,2025-11-27,2026-01-26,1600000.0,1600000.0,Y,不在分點歷史資料的 400 檔股票內,,,,,,,,,
2439,上市,2026-03-12,2026-03-13,2026-05-11,5000000.0,5000000.0,Y,不在分點歷史資料的 400 檔股票內,,,,,,,,,
2441,上市,2026-07-31,2026-08-03,2026-09-30,6000000.0,6000000.0,Y,買回期間超出分點歷史資料的日期範圍,,,,,,,,,
2455,上市,2025-04-09,2025-04-10,2025-06-09,2000000.0,1012000.0,Y,辨識成功,股數對上,9834,元大中壢,-2.79,40.18,72,9834 元大中壢,-2.8,40.2
2457,上市,2025-04-10,2025-04-11,2025-06-10,6600000.0,6436000.0,Y,辨識成功,股數對上,9200,凱基,-0.47,0.53,84,9200 凱基,-0.5,0.5
2461,上市,2025-04-11,2025-04-11,2025-06-10,5000000.0,2864000.0,Y,不在分點歷史資料的 400 檔股票內,,,,,,,,,
2461,上市,2026-03-10,2026-03-11,2026-05-10,5000000.0,5000000.0,Y,不在分點歷史資料的 400 檔股票內,,,,,,,,,
2461,上市,2026-08-11,2026-08-12,2026-10-08,5000000.0,5000000.0,Y,不在分點歷史資料的 400 檔股票內,,,,,,,,,
2467,上市,2023-11-09,2023-11-10,2024-01-09,10000000.0,7513000.0,Y,辨識成功,穩定買超,9665,富邦桃園,-22.96,1.12,81,9665 富邦桃園,-23.0,1.1
2467,上市,2024-10-31,2024-11-01,2024-12-31,1000000.0,803000.0,Y,無法辨識(沒有分點符合),,,,,,,9665 富邦桃園,-5.3,17.2
2474,上市,2023-01-31,2023-02-01,2023-03-31,36000000.0,34103000.0,Y,辨識成功,穩定買超,9667,富邦台南,-7.01,0.31,100,9667 富邦台南,-7.0,0.3
2474,上市,2024-12-20,2024-12-21,2025-02-20,34000000.0,31219000.0,Y,辨識成功,穩定買超,700I,兆豐北高,-29.75,0.13,94,700I 兆豐北高,-29.7,0.1
2474,上市,2025-04-16,2025-04-17,2025-06-15,33000000.0,25476000.0,Y,無法辨識(沒有分點符合),,,,,,,700I 兆豐北高,-36.4,0.2
2474,上市,2025-10-17,2025-10-18,2025-12-17,31500000.0,31500000.0,Y,無法辨識(沒有分點符合),,,,,,,9800 元大,-43.0,33.2
2474,上市,2025-12-23,2025-12-24,2026-02-23,30800000.0,30800000.0,Y,無法辨識(沒有分點符合),,,,,,,9800 元大,-64.7,57.3
2474,上市,2026-03-11,2026-03-12,2026-05-11,28400000.0,22548000.0,Y,無法辨識(沒有分點符合),,,,,,,1470 台灣摩根,-58.5,41.5
2474,上市,2026-08-07,2026-08-10,2026-10-06,33000000.0,32145000.0,Y,買回期間超出分點歷史資料的日期範圍,,,,,,,,,
2478,上市,2025-03-10,2025-03-11,2025-05-09,2000000.0,2000000.0,Y,辨識成功,股數對上,700q,兆豐內湖,0.0,0.0,100,700q 兆豐內湖,0.0,0.0
2483,上市,2025-04-10,2025-04-11,2025-06-10,2000000.0,1204000.0,Y,不在分點歷史資料的 400 檔股票內,,,,,,,,,
2483,上市,2025-08-08,2025-08-11,2025-10-10,2000000.0,473000.0,Y,不在分點歷史資料的 400 檔股票內,,,,,,,,,
2486,上市,2025-04-10,2025-04-11,2025-06-09,2000000.0,2000000.0,Y,無法辨識(沒有分點符合),,,,,,,585J 統一三重,1.1,14.1
2489,上市,2023-03-13,2023-03-14,2023-05-12,40000000.0,18000000.0,Y,辨識成功,穩定買超,989j,元大樹林,-11.51,6.02,76,989j 元大樹林,-11.5,6.0
2497,上市,2025-08-11,2025-08-12,2025-10-09,12200000.0,4712000.0,Y,不在分點歷史資料的 400 檔股票內,,,,,,,,,
2520,上市,2026-02-26,2026-03-02,2026-05-01,6000000.0,6000000.0,Y,不在分點歷史資料的 400 檔股票內,,,,,,,,,
2524,上市,2025-04-08,2025-04-09,2025-06-06,10000000.0,3957000.0,Y,不在分點歷史資料的 400 檔股票內,,,,,,,,,
2536,上市,2026-07-08,2026-07-09,2026-09-06,6000000.0,6000000.0,Y,不在分點歷史資料的 400 檔股票內,,,,,,,,,
2536,上市,2026-08-06,2026-08-07,2026-10-05,16000000.0,16000000.0,Y,不在分點歷史資料的 400 檔股票內,,,,,,,,,
2543,上市,2025-11-13,2025-11-14,2026-01-13,10000000.0,3842000.0,Y,無法辨識(沒有分點符合),,,,,,,592E 元富城中,-40.2,7.8
2543,上市,2026-05-19,2026-05-19,2026-07-18,20000000.0,14235000.0,Y,無法辨識(沒有分點符合),,,,,,,5850 統一,-42.5,6.2
2718,上櫃,2025-04-15,2025-04-16,2025-06-15,500000.0,379000.0,Y,不在分點歷史資料的 400 檔股票內,,,,,,,,,
2718,上櫃,2026-05-12,2026-05-12,2026-07-11,1500000.0,1500000.0,Y,不在分點歷史資料的 400 檔股票內,,,,,,,,,
2727,上市,2026-08-06,2026-08-10,2026-10-06,1500000.0,794000.0,Y,買回期間超出分點歷史資料的日期範圍,,,,,,,,,
2729,上櫃,2025-04-23,2025-04-23,2025-06-20,800000.0,407000.0,Y,不在分點歷史資料的 400 檔股票內,,,,,,,,,
2729,上櫃,2026-06-10,2026-06-10,2026-08-09,800000.0,800000.0,Y,不在分點歷史資料的 400 檔股票內,,,,,,,,,
2729,上櫃,2026-09-15,2026-09-15,2026-11-14,1000000.0,,N,執行中或尚無實際買回股數(無法推算),,,,,,,,,
2732,上櫃,2025-04-10,2025-04-11,2025-06-10,1500000.0,905000.0,Y,不在分點歷史資料的 400 檔股票內,,,,,,,,,
2756,上櫃,2024-09-24,2024-09-25,2024-11-24,500000.0,252000.0,Y,不在分點歷史資料的 400 檔股票內,,,,,,,,,
2756,上櫃,2025-12-30,2026-01-02,2026-02-26,500000.0,347000.0,Y,不在分點歷史資料的 400 檔股票內,,,,,,,,,
2762,上市,2024-03-18,2024-03-19,2024-05-18,1500000.0,1500000.0,Y,不在分點歷史資料的 400 檔股票內,,,,,,,,,
2762,上市,2024-08-27,2024-08-28,2024-10-27,2000000.0,1018000.0,Y,不在分點歷史資料的 400 檔股票內,,,,,,,,,
2762,上市,2024-11-12,2024-11-13,2025-01-12,1500000.0,760000.0,Y,不在分點歷史資料的 400 檔股票內,,,,,,,,,
2850,上市,2024-08-14,2024-08-15,2024-10-14,3000000.0,0.0,Y,執行中或尚無實際買回股數(無法推算),,,,,,,,,
2850,上市,2025-04-07,2025-04-08,2025-06-07,5000000.0,0.0,Y,執行中或尚無實際買回股數(無法推算),,,,,,,,,
2897,上市,2023-08-21,2023-08-22,2023-10-21,15000000.0,15000000.0,Y,不在分點歷史資料的 400 檔股票內,,,,,,,,,
2897,上市,2024-12-25,2024-12-26,2025-02-25,15000000.0,15000000.0,Y,不在分點歷史資料的 400 檔股票內,,,,,,,,,
2905,上市,2025-04-09,2025-04-10,2025-06-08,18000000.0,12124000.0,Y,不在分點歷史資料的 400 檔股票內,,,,,,,,,
2949,上櫃,2024-10-01,2024-10-02,2024-11-29,500000.0,500000.0,Y,不在分點歷史資料的 400 檔股票內,,,,,,,,,
2949,上櫃,2026-05-13,2026-05-13,2026-07-10,500000.0,460000.0,Y,不在分點歷史資料的 400 檔股票內,,,,,,,,,
3008,上市,2025-12-19,2025-12-19,2026-02-11,2670000.0,2670000.0,Y,辨識成功,股數對上,8150,台新,0.4,7.41,84,8150 台新,0.4,7.4
3021,上市,2025-05-21,2025-05-22,2025-07-21,1000000.0,1000000.0,Y,不在分點歷史資料的 400 檔股票內,,,,,,,,,
3021,上市,2026-05-21,2026-05-21,2026-07-20,2000000.0,207000.0,Y,不在分點歷史資料的 400 檔股票內,,,,,,,,,
3024,上市,2026-04-23,2026-04-27,2026-06-15,10000000.0,0.0,Y,執行中或尚無實際買回股數(無法推算),,,,,,,,,
3029,上市,2026-03-27,2026-03-30,2026-05-26,2000000.0,1800000.0,Y,辨識成功,股數對上,9200,凱基,-4.26,4.73,96,9200 凱基,-4.3,4.7
3038,上市,2025-12-11,2025-12-12,2026-02-10,7400000.0,4571000.0,Y,不在分點歷史資料的 400 檔股票內,,,,,,,,,
3038,上市,2026-04-13,2026-04-14,2026-06-12,2836000.0,2836000.0,Y,不在分點歷史資料的 400 檔股票內,,,,,,,,,
3040,上市,2025-12-05,2025-12-05,2026-02-04,3150000.0,3150000.0,Y,不在分點歷史資料的 400 檔股票內,,,,,,,,,
3042,上市,2025-08-04,2025-08-05,2025-10-04,3000000.0,3000000.0,Y,辨識成功,股數對上,989A,元大北投,1.01,3.97,77,989A 元大北投,1.0,4.0
3049,上市,2023-02-20,2023-02-21,2023-04-20,5000000.0,3750000.0,Y,不在分點歷史資料的 400 檔股票內,,,,,,,,,
3049,上市,2024-04-30,2024-05-02,2024-06-30,6000000.0,3000000.0,Y,不在分點歷史資料的 400 檔股票內,,,,,,,,,
3051,上市,2024-10-17,2024-10-18,2024-11-17,1000000.0,1000000.0,Y,不在分點歷史資料的 400 檔股票內,,,,,,,,,
3051,上市,2025-03-13,2025-03-14,2025-04-13,1000000.0,1000000.0,Y,不在分點歷史資料的 400 檔股票內,,,,,,,,,
3051,上市,2025-04-11,2025-04-14,2025-05-13,1000000.0,1000000.0,Y,不在分點歷史資料的 400 檔股票內,,,,,,,,,
3055,上市,2023-02-21,2023-02-22,2023-04-21,2000000.0,34000.0,Y,不在分點歷史資料的 400 檔股票內,,,,,,,,,
3055,上市,2023-12-13,2023-12-14,2024-02-13,1000000.0,1000000.0,Y,不在分點歷史資料的 400 檔股票內,,,,,,,,,
3055,上市,2024-03-11,2024-03-12,2024-05-11,2000000.0,1281000.0,Y,不在分點歷史資料的 400 檔股票內,,,,,,,,,
3055,上市,2025-04-15,2025-04-16,2025-06-15,1500000.0,1276000.0,Y,不在分點歷史資料的 400 檔股票內,,,,,,,,,
3055,上市,2025-11-05,2025-11-06,2026-01-05,1500000.0,1465000.0,Y,不在分點歷史資料的 400 檔股票內,,,,,,,,,
3056,上市,2026-05-12,2026-05-13,2026-07-11,5000000.0,5000000.0,Y,不在分點歷史資料的 400 檔股票內,,,,,,,,,
3058,上市,2024-08-09,2024-08-12,2024-10-11,2000000.0,1348000.0,Y,不在分點歷史資料的 400 檔股票內,,,,,,,,,
3059,上市,2025-04-08,2025-04-09,2025-06-08,8000000.0,100000.0,Y,無法辨識(沒有分點符合),,,,,,,9889 元大員林,-1.1,60.3
3062,上市,2023-05-05,2023-05-08,2023-07-07,800000.0,795000.0,Y,不在分點歷史資料的 400 檔股票內,,,,,,,,,
3062,上市,2024-05-10,2024-05-13,2024-07-12,5000000.0,2650000.0,Y,不在分點歷史資料的 400 檔股票內,,,,,,,,,
3062,上市,2024-08-09,2024-08-12,2024-10-11,3000000.0,1785000.0,Y,不在分點歷史資料的 400 檔股票內,,,,,,,,,
3062,上市,2024-11-13,2024-11-14,2025-01-13,3000000.0,3000000.0,Y,不在分點歷史資料的 400 檔股票內,,,,,,,,,
3114,上櫃,2025-08-13,2025-08-14,2025-10-13,700000.0,700000.0,Y,不在分點歷史資料的 400 檔股票內,,,,,,,,,
3131,上櫃,2025-12-08,2025-12-09,2026-02-06,500000.0,500000.0,Y,辨識成功,穩定買超,1590,花旗環球,-10.73,22.58,83,1590 花旗環球,-10.7,22.6
3131,上櫃,2026-05-25,2026-05-26,2026-07-24,600000.0,600000.0,Y,無法辨識(沒有分點符合),,,,,,,9186 群益新竹,-6.4,14.3
3135,上市,2023-06-01,2023-06-02,2023-08-01,350000.0,350000.0,Y,辨識成功,穩定買超,989e,元大-中和,-11.49,12.44,86,989e 元大-中和,-11.5,12.4
3138,上市,2025-04-15,2025-04-17,2025-06-16,2000000.0,1150000.0,Y,不在分點歷史資料的 400 檔股票內,,,,,,,,,
3138,上市,2025-06-19,2025-06-20,2025-08-19,1000000.0,913000.0,Y,不在分點歷史資料的 400 檔股票內,,,,,,,,,
3141,上櫃,2025-04-09,2025-04-09,2025-06-08,2000000.0,1074000.0,Y,不在分點歷史資料的 400 檔股票內,,,,,,,,,
3162,上櫃,2025-04-21,2025-04-22,2025-06-21,1200000.0,95000.0,Y,無法辨識(沒有分點符合),,,,,,,8561 新光台中,-1.3,90.6
3164,上市,2025-05-28,2025-05-29,2025-07-28,1000000.0,501000.0,Y,不在分點歷史資料的 400 檔股票內,,,,,,,,,
3167,上市,2023-09-15,2023-09-15,2023-11-14,2000000.0,38000.0,Y,"無法辨識(有 2 個分點都符合,不挑)",,,,,,,6480 福邦,0.0,0.0
3168,上市,2025-04-10,2025-04-11,2025-06-10,1000000.0,1000000.0,Y,不在分點歷史資料的 400 檔股票內,,,,,,,,,
3168,上市,2025-07-29,2025-07-30,2025-09-29,2000000.0,2000000.0,Y,不在分點歷史資料的 400 檔股票內,,,,,,,,,
3171,上櫃,2026-03-12,2026-03-13,2026-05-12,3000000.0,3000000.0,Y,不在分點歷史資料的 400 檔股票內,,,,,,,,,
3207,上櫃,2025-06-06,2025-06-09,2025-08-08,2000000.0,2000000.0,Y,不在分點歷史資料的 400 檔股票內,,,,,,,,,
3217,上櫃,2025-04-25,2025-04-28,2025-06-24,1500000.0,133000.0,Y,不在分點歷史資料的 400 檔股票內,,,,,,,,,
3217,上櫃,2026-07-29,2026-07-30,2026-09-28,1000000.0,1000000.0,Y,不在分點歷史資料的 400 檔股票內,,,,,,,,,
3224,上櫃,2023-10-06,2023-10-11,2023-12-08,800000.0,40000.0,Y,不在分點歷史資料的 400 檔股票內,,,,,,,,,
3230,上櫃,2025-05-08,2025-05-09,2025-07-08,500000.0,500000.0,Y,不在分點歷史資料的 400 檔股票內,,,,,,,,,
3230,上櫃,2025-08-06,2025-08-12,2025-10-06,1000000.0,895000.0,Y,不在分點歷史資料的 400 檔股票內,,,,,,,,,
3257,上市,2025-04-11,2025-04-14,2025-06-10,2000000.0,259000.0,Y,不在分點歷史資料的 400 檔股票內,,,,,,,,,
3260,上櫃,2025-04-10,2025-04-11,2025-06-10,8000000.0,7763000.0,Y,無法辨識(沒有分點符合),,,,,,,8440 摩根大通,-42.9,60.5
3260,上櫃,2026-05-06,2026-05-07,2026-07-05,4000000.0,2197000.0,Y,辨識成功,穩定買超,5854,統一城中,-8.31,38.81,87,5854 統一城中,-8.3,38.8
3272,上櫃,2025-04-22,2025-04-23,2025-06-22,2000000.0,1275000.0,Y,不在分點歷史資料的 400 檔股票內,,,,,,,,,
3289,上櫃,2023-11-03,2023-11-06,2024-01-05,2000000.0,1562000.0,Y,辨識成功,股數對上,592G,元富新竹,2.95,0.57,77,592G 元富新竹,2.9,0.6
3289,上櫃,2025-04-10,2025-04-11,2025-06-10,5000000.0,383000.0,Y,無法辨識(沒有分點符合),,,,,,,592G 元富新竹,-25.0,2.1
3303,上櫃,2024-06-19,2024-06-20,2024-08-19,1000000.0,548000.0,Y,不在分點歷史資料的 400 檔股票內,,,,,,,,,
3303,上櫃,2025-04-11,2025-04-14,2025-06-10,1000000.0,554000.0,Y,不在分點歷史資料的 400 檔股票內,,,,,,,,,
3303,上櫃,2026-10-06,2026-10-06,2026-12-04,1000000.0,,N,執行中或尚無實際買回股數(無法推算),,,,,,,,,
3305,上市,2025-04-16,2025-04-17,2025-06-16,3000000.0,2988000.0,Y,無法辨識(沒有分點符合),,,,,,,9636 富邦中壢,-1.1,2.6
3338,上市,2025-04-10,2025-04-11,2025-06-09,1000000.0,632000.0,Y,不在分點歷史資料的 400 檔股票內,,,,,,,,,
3339,上櫃,2025-01-14,2025-01-15,2025-03-14,3200000.0,1558000.0,Y,不在分點歷史資料的 400 檔股票內,,,,,,,,,
3339,上櫃,2025-04-10,2025-04-11,2025-06-10,1700000.0,1700000.0,Y,不在分點歷史資料的 400 檔股票內,,,,,,,,,
3346,上市,2025-04-09,2025-04-10,2025-06-06,5000000.0,750000.0,Y,不在分點歷史資料的 400 檔股票內,,,,,,,,,
3479,上櫃,2026-04-30,2026-05-04,2026-06-29,500000.0,364000.0,Y,不在分點歷史資料的 400 檔股票內,,,,,,,,,
3483,上櫃,2023-02-02,2023-02-03,2023-03-31,1000000.0,1000000.0,Y,辨識成功,穩定買超,9A9P,永豐金竹北,-9.14,18.22,71,9A9P 永豐金竹北,-9.1,18.2
3483,上櫃,2025-11-11,2025-11-12,2026-01-11,1000000.0,1000000.0,Y,辨識成功,股數對上,9A9P,永豐金竹北,2.82,2.9,88,9A9P 永豐金竹北,2.8,2.9
3533,上市,2025-04-10,2025-04-11,2025-06-10,1200000.0,601000.0,Y,無法辨識(沒有分點符合),,,,,,,9322 華南基隆,1.1,10.9
3543,上市,2023-12-22,2023-12-25,2024-02-23,1000000.0,1000000.0,Y,不在分點歷史資料的 400 檔股票內,,,,,,,,,
3545,上市,2025-02-21,2025-02-24,2025-04-20,3000000.0,3000000.0,Y,無法辨識(沒有分點符合),,,,,,,9272 凱基竹科,-45.9,7.0
3545,上市,2026-02-26,2026-03-02,2026-04-25,3000000.0,3000000.0,Y,辨識成功,穩定買超,9272,凱基竹科,-8.02,2.2,81,9272 凱基竹科,-8.0,2.2
3591,上市,2025-05-08,2025-05-09,2025-07-08,2500000.0,2000000.0,Y,不在分點歷史資料的 400 檔股票內,,,,,,,,,
3605,上市,2025-04-15,2025-04-16,2025-06-15,5000000.0,4150000.0,Y,無法辨識(沒有分點符合),,,,,,,9208 凱基桃園,-45.9,8.1
3609,上櫃,2025-11-13,2025-11-17,2026-01-13,2500000.0,150000.0,Y,不在分點歷史資料的 400 檔股票內,,,,,,,,,
3675,上櫃,2025-04-10,2025-04-11,2025-06-09,3000000.0,1646000.0,Y,辨識成功,股數對上,9291,凱基大安,-1.3,1.66,89,9291 凱基大安,-1.3,1.7
3684,上櫃,2026-08-05,2026-08-06,2026-10-04,1500000.0,987000.0,Y,不在分點歷史資料的 400 檔股票內,,,,,,,,,
3708,上市,2024-08-08,2024-08-09,2024-10-08,1500000.0,847000.0,Y,辨識成功,穩定買超,989E,元大草屯,-6.33,27.12,85,989E 元大草屯,-6.3,27.1
3708,上市,2025-04-09,2025-04-10,2025-06-09,3000000.0,2122000.0,Y,辨識成功,穩定買超,989E,元大草屯,-16.46,20.25,77,989E 元大草屯,-16.5,20.2
3708,上市,2025-09-26,2025-09-30,2025-11-28,3000000.0,3000000.0,Y,辨識成功,穩定買超,989E,元大草屯,14.26,10.61,80,9239 凱基市政,-11.9,3.7
3708,上市,2025-11-06,2025-11-07,2026-01-06,3000000.0,3000000.0,Y,無法辨識(沒有分點符合),,,,,,,9239 凱基市政,-13.4,1.2
3708,上市,2026-01-15,2026-01-16,2026-03-15,4500000.0,4500000.0,Y,無法辨識(沒有分點符合),,,,,,,9239 凱基市政,34.6,0.2
3708,上市,2026-02-25,2026-02-26,2026-04-24,5500000.0,5500000.0,Y,無法辨識(沒有分點符合),,,,,,,9239 凱基市政,31.5,0.6
3708,上市,2026-04-16,2026-04-16,2026-06-15,4200000.0,2522000.0,Y,辨識成功,股數對上,9239,凱基市政,0.47,1.78,73,9239 凱基市政,0.5,1.8
3708,上市,2026-08-07,2026-08-07,2026-10-06,3000000.0,3000000.0,Y,買回期間超出分點歷史資料的日期範圍,,,,,,,,,
3714,上市,2024-04-10,2024-04-11,2024-06-10,15000000.0,15000000.0,Y,辨識成功,穩定買超,9239,凱基市政,-20.04,1.62,85,9239 凱基市政,-20.0,1.6
3715,上市,2025-04-09,2025-04-10,2025-06-09,6000000.0,0.0,Y,執行中或尚無實際買回股數(無法推算),,,,,,,,,
3716,上市,2024-12-26,2024-12-27,2025-02-26,1000000.0,1000000.0,Y,不在分點歷史資料的 400 檔股票內,,,,,,,,,
3716,上市,2025-04-09,2025-04-10,2025-06-09,3000000.0,1602000.0,Y,不在分點歷史資料的 400 檔股票內,,,,,,,,,
3716,上市,2025-08-08,2025-08-11,2025-10-09,1000000.0,609000.0,Y,不在分點歷史資料的 400 檔股票內,,,,,,,,,
3716,上市,2026-05-05,2026-05-06,2026-07-03,1000000.0,542000.0,Y,不在分點歷史資料的 400 檔股票內,,,,,,,,,
4114,上櫃,2025-12-30,2025-12-31,2026-02-28,3000000.0,3000000.0,Y,不在分點歷史資料的 400 檔股票內,,,,,,,,,
4114,上櫃,2026-06-26,2026-06-29,2026-08-28,3000000.0,2935000.0,Y,不在分點歷史資料的 400 檔股票內,,,,,,,,,
4121,上櫃,2025-04-16,2025-04-17,2025-06-16,3000000.0,1243000.0,Y,不在分點歷史資料的 400 檔股票內,,,,,,,,,
4121,上櫃,2025-07-25,2025-07-28,2025-09-27,1500000.0,1500000.0,Y,不在分點歷史資料的 400 檔股票內,,,,,,,,,
4123,上櫃,2025-04-09,2025-04-10,2025-06-09,20000000.0,9909000.0,Y,不在分點歷史資料的 400 檔股票內,,,,,,,,,
4123,上櫃,2026-08-14,2026-08-17,2026-10-13,20000000.0,,N,執行中或尚無實際買回股數(無法推算),,,,,,,,,
4147,上櫃,2026-03-03,2026-03-04,2026-05-03,2500000.0,2500000.0,Y,不在分點歷史資料的 400 檔股票內,,,,,,,,,
4155,上市,2025-04-10,2025-04-11,2025-06-09,1000000.0,1000000.0,Y,不在分點歷史資料的 400 檔股票內,,,,,,,,,
4155,上市,2025-08-21,2025-08-22,2025-10-21,1000000.0,1000000.0,Y,不在分點歷史資料的 400 檔股票內,,,,,,,,,
4155,上市,2026-05-12,2026-05-13,2026-07-11,5000000.0,5000000.0,Y,不在分點歷史資料的 400 檔股票內,,,,,,,,,
4157,上櫃,2025-08-19,2025-08-20,2025-10-19,10000000.0,6007000.0,Y,不在分點歷史資料的 400 檔股票內,,,,,,,,,
4164,上市,2026-05-06,2026-05-07,2026-07-05,1500000.0,1500000.0,Y,不在分點歷史資料的 400 檔股票內,,,,,,,,,
4167,上櫃,2025-04-09,2025-04-10,2025-06-09,8000000.0,6955000.0,Y,不在分點歷史資料的 400 檔股票內,,,,,,,,,
4169,上市,2026-07-29,2026-07-30,2026-09-28,1000000.0,291000.0,Y,不在分點歷史資料的 400 檔股票內,,,,,,,,,
4171,上櫃,2025-04-14,2025-04-15,2025-06-14,1500000.0,755000.0,Y,不在分點歷史資料的 400 檔股票內,,,,,,,,,
4171,上櫃,2026-04-21,2026-04-22,2026-06-21,445000.0,445000.0,Y,不在分點歷史資料的 400 檔股票內,,,,,,,,,
4190,上市,2024-10-08,2024-10-09,2024-12-08,2000000.0,2000000.0,Y,不在分點歷史資料的 400 檔股票內,,,,,,,,,
4438,上市,2025-04-09,2025-04-10,2025-06-09,1500000.0,754000.0,Y,不在分點歷史資料的 400 檔股票內,,,,,,,,,
4439,上市,2026-03-11,2026-03-12,2026-05-10,500000.0,500000.0,Y,不在分點歷史資料的 400 檔股票內,,,,,,,,,
4502,上櫃,2025-04-09,2025-04-10,2025-06-09,2000000.0,400000.0,Y,不在分點歷史資料的 400 檔股票內,,,,,,,,,
4502,上櫃,2025-07-04,2025-07-07,2025-09-05,1500000.0,836000.0,Y,不在分點歷史資料的 400 檔股票內,,,,,,,,,
4502,上櫃,2026-03-11,2026-03-12,2026-05-10,1000000.0,767000.0,Y,不在分點歷史資料的 400 檔股票內,,,,,,,,,
4526,上市,2025-05-09,2025-05-12,2025-07-11,3000000.0,3000000.0,Y,不在分點歷史資料的 400 檔股票內,,,,,,,,,
4532,上市,2025-01-16,2025-01-17,2025-03-16,5000000.0,5000000.0,Y,不在分點歷史資料的 400 檔股票內,,,,,,,,,
4532,上市,2025-11-11,2025-11-12,2026-01-11,10000000.0,10000000.0,Y,不在分點歷史資料的 400 檔股票內,,,,,,,,,
4533,上櫃,2026-08-13,2026-08-13,2026-10-12,2000000.0,,N,執行中或尚無實際買回股數(無法推算),,,,,,,,,
4555,上市,2025-09-26,2025-09-30,2025-11-29,500000.0,500000.0,Y,不在分點歷史資料的 400 檔股票內,,,,,,,,,
4568,上櫃,2025-05-08,2025-05-09,2025-07-08,300000.0,112000.0,Y,不在分點歷史資料的 400 檔股票內,,,,,,,,,
4569,上市,2025-04-15,2025-04-16,2025-05-02,400000.0,204000.0,Y,不在分點歷史資料的 400 檔股票內,,,,,,,,,
4569,上市,2025-04-15,2025-05-05,2025-06-13,800000.0,400000.0,Y,不在分點歷史資料的 400 檔股票內,,,,,,,,,
4571,上市,2023-12-08,2023-12-09,2024-02-07,1500000.0,1301000.0,Y,不在分點歷史資料的 400 檔股票內,,,,,,,,,
4577,上櫃,2026-08-06,2026-08-07,2026-10-06,700000.0,613000.0,Y,不在分點歷史資料的 400 檔股票內,,,,,,,,,
4588,上市,2026-09-11,2026-09-14,2026-11-10,1000000.0,,N,執行中或尚無實際買回股數(無法推算),,,,,,,,,
4735,上櫃,2024-07-09,2024-07-10,2024-09-08,2000000.0,2000000.0,Y,不在分點歷史資料的 400 檔股票內,,,,,,,,,
4735,上櫃,2025-04-16,2025-04-17,2025-06-16,1000000.0,897000.0,Y,不在分點歷史資料的 400 檔股票內,,,,,,,,,
4736,上市,2026-03-11,2026-03-12,2026-05-11,2500000.0,1334000.0,Y,不在分點歷史資料的 400 檔股票內,,,,,,,,,
4744,上櫃,2024-11-13,2024-11-14,2025-01-13,1500000.0,1477000.0,Y,不在分點歷史資料的 400 檔股票內,,,,,,,,,
4745,上櫃,2026-03-30,2026-03-30,2026-05-29,3872000.0,3872000.0,Y,不在分點歷史資料的 400 檔股票內,,,,,,,,,
4745,上櫃,2026-04-28,2026-04-28,2026-06-26,3872000.0,3872000.0,Y,不在分點歷史資料的 400 檔股票內,,,,,,,,,
4745,上櫃,2026-06-05,2026-06-05,2026-08-04,3485000.0,3485000.0,Y,不在分點歷史資料的 400 檔股票內,,,,,,,,,
4916,上市,2026-07-29,2026-07-29,2026-09-28,2000000.0,1005000.0,Y,買回期間超出分點歷史資料的日期範圍,,,,,,,,,
4923,上櫃,2024-08-06,2024-08-07,2024-10-06,600000.0,600000.0,Y,不在分點歷史資料的 400 檔股票內,,,,,,,,,
4953,上櫃,2026-03-06,2026-03-09,2026-05-08,2000000.0,2000000.0,Y,不在分點歷史資料的 400 檔股票內,,,,,,,,,
4960,上市,2025-04-14,2025-04-15,2025-06-14,15000000.0,7941000.0,Y,不在分點歷史資料的 400 檔股票內,,,,,,,,,
4961,上市,2026-01-05,2026-01-06,2026-03-05,1500000.0,1500000.0,Y,辨識成功,股數對上,6489,福邦新竹,-0.07,0.62,88,6489 福邦新竹,-0.1,0.6
4966,上櫃,2024-07-02,2024-07-03,2024-09-02,1100000.0,1100000.0,Y,無法辨識(沒有分點符合),,,,,,,6162 中信託忠孝,-4.1,10.3
4966,上櫃,2025-02-05,2025-02-06,2025-03-14,1100000.0,1100000.0,Y,辨識成功,股數對上,6162,中信託忠孝,0.56,1.07,80,6162 中信託忠孝,0.6,1.1
4966,上櫃,2025-02-05,2025-03-17,2025-04-02,1100000.0,1100000.0,Y,辨識成功,股數對上,6162,中信託忠孝,-0.19,0.25,92,6162 中信託忠孝,-0.2,0.2
4966,上櫃,2026-02-10,2026-02-11,2026-03-09,1100000.0,1100000.0,Y,辨識成功,股數對上,6162,中信託忠孝,0.41,0.77,100,6162 中信託忠孝,0.4,0.8
4966,上櫃,2026-02-10,2026-03-10,2026-04-10,1100000.0,1100000.0,Y,辨識成功,股數對上,6162,中信託忠孝,-0.08,0.96,89,6162 中信託忠孝,-0.1,1.0
4972,上櫃,2025-01-17,2025-01-20,2025-03-19,1000000.0,608000.0,Y,不在分點歷史資料的 400 檔股票內,,,,,,,,,
4972,上櫃,2025-04-15,2025-04-16,2025-06-15,500000.0,500000.0,Y,不在分點歷史資料的 400 檔股票內,,,,,,,,,
4976,上市,2025-05-14,2025-05-15,2025-07-14,2000000.0,1056000.0,Y,不在分點歷史資料的 400 檔股票內,,,,,,,,,
4977,上市,2024-12-19,2024-12-20,2025-02-19,2500000.0,1425000.0,Y,無法辨識(沒有分點符合),,,,,,,1260 宏遠,-9.5,48.4
5009,上櫃,2025-07-01,2025-07-02,2025-09-01,10000000.0,5238000.0,Y,無法辨識(沒有分點符合),,,,,,,779D 國票台南,-5.1,0.5
5009,上櫃,2025-10-30,2025-10-31,2025-12-30,10000000.0,10000000.0,Y,辨識成功,穩定買超,779D,國票台南,-10.11,1.11,74,779D 國票台南,-10.1,1.1
5009,上櫃,2025-11-17,2025-11-18,2026-01-16,15000000.0,12754000.0,Y,無法辨識(沒有分點符合),,,,,,,779D 國票台南,-45.1,1.0
5014,上櫃,2025-04-10,2025-04-11,2025-06-10,18533000.0,2068000.0,Y,不在分點歷史資料的 400 檔股票內,,,,,,,,,
5203,上市,2026-04-29,2026-04-30,2026-06-29,2000000.0,2000000.0,Y,不在分點歷史資料的 400 檔股票內,,,,,,,,,
5220,上櫃,2025-06-05,2025-06-06,2025-08-05,1000000.0,303000.0,Y,不在分點歷史資料的 400 檔股票內,,,,,,,,,
5222,上市,2024-12-19,2024-12-20,2025-02-18,1500000.0,520000.0,Y,不在分點歷史資料的 400 檔股票內,,,,,,,,,
5230,上櫃,2023-11-09,2023-11-10,2024-01-08,1000000.0,155000.0,Y,不在分點歷史資料的 400 檔股票內,,,,,,,,,
5230,上櫃,2025-04-09,2025-04-10,2025-06-09,2000000.0,1398000.0,Y,不在分點歷史資料的 400 檔股票內,,,,,,,,,
5230,上櫃,2025-12-02,2025-12-03,2026-02-02,1500000.0,1231000.0,Y,不在分點歷史資料的 400 檔股票內,,,,,,,,,
5258,上市,2025-05-12,2025-05-13,2025-07-12,1500000.0,786000.0,Y,無法辨識(沒有分點符合),,,,,,,8150 台新,12.7,28.9
5258,上市,2026-06-30,2026-06-30,2026-08-29,1500000.0,797000.0,Y,辨識成功,股數對上,9B00,台新證券,1.7,19.84,74,9B00 台新證券,1.7,19.8
5263,上櫃,2025-04-08,2025-04-09,2025-06-08,3000000.0,3000000.0,Y,不在分點歷史資料的 400 檔股票內,,,,,,,,,
5269,上市,2026-03-05,2026-03-06,2026-05-05,900000.0,620000.0,Y,辨識成功,股數對上,700L,兆豐天母,0.78,3.15,79,1650 瑞銀,-0.6,73.2
5278,上櫃,2026-03-25,2026-03-26,2026-05-25,13500000.0,6767002.0,Y,不在分點歷史資料的 400 檔股票內,,,,,,,,,
5291,上櫃,2025-04-10,2025-04-11,2025-06-09,1500000.0,1035000.0,Y,不在分點歷史資料的 400 檔股票內,,,,,,,,,
5292,上市,2026-08-10,2026-08-11,2026-10-08,3000000.0,,N,執行中或尚無實際買回股數(無法推算),,,,,,,,,
5309,上櫃,2025-04-10,2025-04-11,2025-06-10,3000000.0,2115000.0,Y,無法辨識(沒有分點符合),,,,,,,5850 統一,-1.6,13.5
5314,上櫃,2025-04-10,2025-04-11,2025-06-10,2000000.0,2000000.0,Y,無法辨識(沒有分點符合),,,,,,,9A9h 永豐金台南,-11.5,35.9
5314,上櫃,2026-03-30,2026-03-31,2026-05-30,2500000.0,2500000.0,Y,辨識成功,穩定買超,9A9h,永豐金台南,-13.44,25.44,82,700b 兆豐中壢,9.9,1.4
5351,上櫃,2026-07-31,2026-08-03,2026-09-30,6600000.0,1106000.0,Y,買回期間超出分點歷史資料的日期範圍,,,,,,,,,
5388,上市,2025-04-09,2025-04-10,2025-06-09,12000000.0,3123000.0,Y,無法辨識(沒有分點符合),,,,,,,1470 台灣摩根,4.8,55.3
5403,上櫃,2026-06-04,2026-06-05,2026-08-03,2000000.0,1315000.0,Y,不在分點歷史資料的 400 檔股票內,,,,,,,,,
5425,上櫃,2025-04-24,2025-04-25,2025-06-24,3000000.0,3000000.0,Y,辨識成功,股數對上,9238,凱基士林,-0.4,0.6,97,9238 凱基士林,-0.4,0.6
5443,上櫃,2024-11-07,2024-11-08,2025-01-07,4300000.0,3668000.0,Y,辨識成功,股數對上,5850,統一,-0.17,25.71,74,5850 統一,-0.2,25.7
5452,上櫃,2025-04-17,2025-04-18,2025-06-17,1000000.0,1000000.0,Y,不在分點歷史資料的 400 檔股票內,,,,,,,,,
5469,上市,2024-03-27,2024-03-28,2024-05-27,3000000.0,3000000.0,Y,無法辨識(沒有分點符合),,,,,,,984K 元大館前,-0.7,9.7
5469,上市,2025-05-02,2025-05-05,2025-07-01,2000000.0,2000000.0,Y,無法辨識(沒有分點符合),,,,,,,984K 元大館前,-6.5,17.5
5469,上市,2025-09-16,2025-09-17,2025-11-14,2000000.0,2000000.0,Y,無法辨識(沒有分點符合),,,,,,,981I 元大天母,6.7,19.2
5469,上市,2026-07-30,2026-07-31,2026-09-29,2000000.0,2000000.0,Y,買回期間超出分點歷史資料的日期範圍,,,,,,,,,
5489,上櫃,2023-03-13,2023-03-14,2023-05-12,2000000.0,1651000.0,Y,不在分點歷史資料的 400 檔股票內,,,,,,,,,
5489,上櫃,2024-03-13,2024-03-14,2024-05-13,2000000.0,2000000.0,Y,不在分點歷史資料的 400 檔股票內,,,,,,,,,
5489,上櫃,2025-03-31,2025-04-01,2025-05-29,1000000.0,975000.0,Y,不在分點歷史資料的 400 檔股票內,,,,,,,,,
5489,上櫃,2026-04-02,2026-04-07,2026-06-05,1000000.0,1000000.0,Y,不在分點歷史資料的 400 檔股票內,,,,,,,,,
5546,上市,2026-08-24,2026-08-25,2026-10-23,1000000.0,,N,執行中或尚無實際買回股數(無法推算),,,,,,,,,
5609,上櫃,2023-12-11,2023-12-13,2024-02-10,3000000.0,2000000.0,Y,不在分點歷史資料的 400 檔股票內,,,,,,,,,
5706,上市,2026-01-29,2026-01-30,2026-03-29,2000000.0,1143000.0,Y,辨識成功,穩定買超,980h,元大台北,12.32,9.05,70,980h 元大台北,12.3,9.0
6015,上櫃,2025-04-10,2025-04-11,2025-06-10,2000000.0,324000.0,Y,不在分點歷史資料的 400 檔股票內,,,,,,,,,
6021,上櫃,2026-08-20,2026-08-21,2026-10-19,3568000.0,3568000.0,Y,不在分點歷史資料的 400 檔股票內,,,,,,,,,
6108,上市,2024-12-13,2024-12-16,2025-02-15,8000000.0,2905000.0,Y,不在分點歷史資料的 400 檔股票內,,,,,,,,,
6108,上市,2025-12-03,2025-12-04,2026-02-03,2500000.0,2500000.0,Y,不在分點歷史資料的 400 檔股票內,,,,,,,,,
6111,上櫃,2025-12-16,2025-12-17,2026-02-11,1000000.0,580000.0,Y,不在分點歷史資料的 400 檔股票內,,,,,,,,,
6113,上櫃,2026-05-07,2026-05-08,2026-07-06,2000000.0,2000000.0,Y,不在分點歷史資料的 400 檔股票內,,,,,,,,,
6122,上櫃,2025-05-05,2025-05-06,2025-07-05,3000000.0,1558000.0,Y,不在分點歷史資料的 400 檔股票內,,,,,,,,,
6123,上櫃,2025-09-15,2025-09-16,2025-11-14,2000000.0,1596000.0,Y,不在分點歷史資料的 400 檔股票內,,,,,,,,,
6126,上櫃,2025-04-14,2025-04-15,2025-06-14,2000000.0,1230000.0,Y,不在分點歷史資料的 400 檔股票內,,,,,,,,,
6158,上櫃,2025-04-22,2025-04-23,2025-06-22,1500000.0,800000.0,Y,不在分點歷史資料的 400 檔股票內,,,,,,,,,
6165,上市,2025-01-20,2025-01-21,2025-03-19,2000000.0,1638000.0,Y,不在分點歷史資料的 400 檔股票內,,,,,,,,,
6165,上市,2025-04-11,2025-04-11,2025-06-10,1500000.0,1482000.0,Y,不在分點歷史資料的 400 檔股票內,,,,,,,,,
6165,上市,2025-11-06,2025-11-06,2026-01-05,1500000.0,1500000.0,Y,不在分點歷史資料的 400 檔股票內,,,,,,,,,
6165,上市,2025-11-21,2025-11-21,2026-01-20,1500000.0,1500000.0,Y,不在分點歷史資料的 400 檔股票內,,,,,,,,,
6165,上市,2026-01-02,2026-01-02,2026-03-01,1000000.0,1000000.0,Y,不在分點歷史資料的 400 檔股票內,,,,,,,,,
6173,上櫃,2026-07-31,2026-08-03,2026-09-30,1000000.0,1000000.0,Y,買回期間超出分點歷史資料的日期範圍,,,,,,,,,
6176,上市,2025-04-10,2025-04-11,2025-06-10,10000000.0,4786000.0,Y,"無法辨識(有 2 個分點都符合,不挑)",,,,,,,126D 宏遠台南,0.3,0.8
6176,上市,2026-07-30,2026-07-31,2026-09-30,10000000.0,8132000.0,Y,買回期間超出分點歷史資料的日期範圍,,,,,,,,,
6179,上櫃,2023-01-06,2023-01-07,2023-03-03,2000000.0,47000.0,Y,不在分點歷史資料的 400 檔股票內,,,,,,,,,
6180,上櫃,2026-03-12,2026-03-13,2026-05-12,1500000.0,1500000.0,Y,不在分點歷史資料的 400 檔股票內,,,,,,,,,
6180,上櫃,2026-05-06,2026-05-06,2026-07-05,2500000.0,2500000.0,Y,不在分點歷史資料的 400 檔股票內,,,,,,,,,
6180,上櫃,2026-07-08,2026-07-08,2026-09-07,2000000.0,2000000.0,Y,不在分點歷史資料的 400 檔股票內,,,,,,,,,
6185,上櫃,2026-04-27,2026-04-28,2026-06-27,1000000.0,1000000.0,Y,不在分點歷史資料的 400 檔股票內,,,,,,,,,
6190,上櫃,2025-04-11,2025-04-11,2025-06-10,3000000.0,3000000.0,Y,不在分點歷史資料的 400 檔股票內,,,,,,,,,
6190,上櫃,2026-03-09,2026-03-10,2026-05-09,3000000.0,2064000.0,Y,不在分點歷史資料的 400 檔股票內,,,,,,,,,
6190,上櫃,2026-05-12,2026-05-13,2026-07-10,2000000.0,1536000.0,Y,不在分點歷史資料的 400 檔股票內,,,,,,,,,
6191,上市,2023-03-03,2023-03-06,2023-05-05,6000000.0,6000000.0,Y,辨識成功,股數對上,984K,元大館前,-1.41,5.7,76,984K 元大館前,-1.4,5.7
6191,上市,2024-12-26,2024-12-27,2025-02-26,2500000.0,2500000.0,Y,辨識成功,股數對上,984K,元大館前,-2.56,49.92,72,984K 元大館前,-2.6,49.9
6191,上市,2025-05-02,2025-05-05,2025-07-04,2000000.0,2000000.0,Y,無法辨識(沒有分點符合),,,,,,,1590 花旗環球,-5.8,35.0
6203,上櫃,2025-04-11,2025-04-14,2025-06-13,2500000.0,5000.0,Y,不在分點歷史資料的 400 檔股票內,,,,,,,,,
6205,上市,2025-04-11,2025-04-14,2025-06-13,3000000.0,1500000.0,Y,不在分點歷史資料的 400 檔股票內,,,,,,,,,
6208,上櫃,2025-05-08,2025-05-09,2025-07-08,2000000.0,99000.0,Y,不在分點歷史資料的 400 檔股票內,,,,,,,,,
6217,上櫃,2025-04-10,2025-04-11,2025-06-10,4000000.0,3193000.0,Y,辨識成功,股數對上,779c,國票敦北,0.25,0.0,97,779c 國票敦北,0.3,0.0
6223,上櫃,2025-04-22,2025-04-23,2025-06-22,2000000.0,80000.0,Y,無法辨識(沒有分點符合),,,,,,,1440 美林證券,1.2,96.4
6224,上市,2025-05-09,2025-05-12,2025-07-08,2000000.0,1000000.0,Y,不在分點歷史資料的 400 檔股票內,,,,,,,,,
6233,上櫃,2025-12-02,2025-12-04,2026-02-02,2000000.0,2000000.0,Y,不在分點歷史資料的 400 檔股票內,,,,,,,,,
6233,上櫃,2026-07-07,2026-07-09,2026-09-06,1200000.0,1200000.0,Y,不在分點歷史資料的 400 檔股票內,,,,,,,,,
6233,上櫃,2026-09-30,2026-10-01,2026-11-29,3000000.0,,N,執行中或尚無實際買回股數(無法推算),,,,,,,,,
6239,上市,2026-08-07,2026-08-10,2026-09-30,10000000.0,10000000.0,Y,買回期間超出分點歷史資料的日期範圍,,,,,,,,,
6248,上櫃,2025-12-26,2025-12-29,2026-02-28,5000000.0,2503000.0,Y,不在分點歷史資料的 400 檔股票內,,,,,,,,,
6248,上櫃,2026-03-06,2026-03-09,2026-05-08,2500000.0,1325000.0,Y,不在分點歷史資料的 400 檔股票內,,,,,,,,,
6257,上市,2025-04-21,2025-04-22,2025-06-21,10000000.0,5131000.0,Y,辨識成功,股數對上,9273,凱基竹東,-0.16,0.48,73,9273 凱基竹東,-0.2,0.5
6257,上市,2026-06-11,2026-06-12,2026-08-11,3000000.0,3000000.0,Y,辨識成功,股數對上,9273,凱基竹東,-0.67,4.84,75,9273 凱基竹東,-0.7,4.8
6269,上市,2025-05-08,2025-05-09,2025-07-07,10000000.0,3300000.0,Y,不在分點歷史資料的 400 檔股票內,,,,,,,,,
6272,上市,2026-05-12,2026-05-13,2026-07-11,2000000.0,1296000.0,Y,不在分點歷史資料的 400 檔股票內,,,,,,,,,
6278,上市,2025-12-29,2025-12-30,2026-02-26,10000000.0,3413000.0,Y,辨識成功,股數對上,700U,兆豐桃鶯,0.71,2.15,91,700U 兆豐桃鶯,0.7,2.1
6283,上市,2025-05-09,2025-05-12,2025-07-11,1000000.0,714000.0,Y,不在分點歷史資料的 400 檔股票內,,,,,,,,,
6284,上櫃,2024-11-14,2024-11-15,2025-01-14,250000.0,250000.0,Y,不在分點歷史資料的 400 檔股票內,,,,,,,,,
6284,上櫃,2025-01-17,2025-01-20,2025-03-19,1000000.0,1000000.0,Y,不在分點歷史資料的 400 檔股票內,,,,,,,,,
6284,上櫃,2025-08-22,2025-08-25,2025-10-24,2500000.0,2500000.0,Y,不在分點歷史資料的 400 檔股票內,,,,,,,,,
6284,上櫃,2026-01-22,2026-01-23,2026-03-22,1000000.0,1000000.0,Y,不在分點歷史資料的 400 檔股票內,,,,,,,,,
6284,上櫃,2026-07-31,2026-08-03,2026-09-30,2000000.0,2000000.0,Y,不在分點歷史資料的 400 檔股票內,,,,,,,,,
6411,上櫃,2025-04-09,2025-04-10,2025-06-09,3000000.0,1491002.0,Y,不在分點歷史資料的 400 檔股票內,,,,,,,,,
6414,上市,2026-03-27,2026-03-30,2026-05-29,1000000.0,840000.0,Y,辨識成功,股數對上,9237,凱基敦北,1.58,2.12,71,9237 凱基敦北,1.6,2.1
6415,上市,2023-12-20,2023-12-21,2024-02-20,3000000.0,595000.0,Y,無法辨識(沒有分點符合),,,,,,,9200 凱基,3.2,54.1
6423,上櫃,2025-05-07,2025-05-08,2025-07-07,1000000.0,744000.0,Y,不在分點歷史資料的 400 檔股票內,,,,,,,,,
6425,上櫃,2025-04-14,2025-04-15,2025-06-14,2000000.0,97000.0,Y,不在分點歷史資料的 400 檔股票內,,,,,,,,,
6442,上市,2025-04-11,2025-04-14,2025-06-10,2000000.0,200000.0,Y,無法辨識(沒有分點符合),,,,,,,1650 瑞銀,-2.5,96.5
6446,上市,2023-05-24,2023-05-25,2023-07-21,5000000.0,4001000.0,Y,無法辨識(沒有分點符合),,,,,,,9A9g 永豐金內湖,-47.7,12.5
6446,上市,2023-07-28,2023-07-31,2023-09-29,4000000.0,4000000.0,Y,無法辨識(沒有分點符合),,,,,,,1650 星洲瑞銀,-32.9,72.1
6456,上市,2025-04-11,2025-04-14,2025-06-13,6000000.0,6000000.0,Y,不在分點歷史資料的 400 檔股票內,,,,,,,,,
6464,上市,2024-03-12,2024-03-13,2024-05-10,2000000.0,2000000.0,Y,不在分點歷史資料的 400 檔股票內,,,,,,,,,
6464,上市,2025-02-18,2025-02-19,2025-04-18,600000.0,600000.0,Y,不在分點歷史資料的 400 檔股票內,,,,,,,,,
6472,上市,2024-03-07,2024-03-08,2024-05-07,1000000.0,519000.0,Y,無法辨識(沒有分點符合),,,,,,,9100 群益,-3.9,60.4
6472,上市,2025-04-08,2025-04-09,2025-06-06,500000.0,36000.0,Y,辨識成功,股數對上,9A91,永豐松山,-4.57,64.11,74,9A91 永豐松山,-4.6,64.1
6472,上市,2025-11-13,2025-11-14,2025-12-23,200000.0,146000.0,Y,無法辨識(沒有分點符合),,,,,,,1440 美林,-2.8,88.1
6472,上市,2026-05-13,2026-05-14,2026-07-12,200000.0,102000.0,Y,無法辨識(沒有分點符合),,,,,,,1360 港麥格理,-12.7,30.5
6491,上市,2026-03-16,2026-03-17,2026-05-15,1200000.0,1200000.0,Y,不在分點歷史資料的 400 檔股票內,,,,,,,,,
6509,上櫃,2025-04-11,2025-04-14,2025-06-10,3000000.0,2947000.0,Y,不在分點歷史資料的 400 檔股票內,,,,,,,,,
6516,上櫃,2025-04-10,2025-04-11,2025-06-10,500000.0,500000.0,Y,不在分點歷史資料的 400 檔股票內,,,,,,,,,
6534,上市,2026-03-31,2026-04-01,2026-05-30,2000000.0,2000000.0,Y,不在分點歷史資料的 400 檔股票內,,,,,,,,,
6534,上市,2026-06-16,2026-06-17,2026-08-15,2000000.0,1050000.0,Y,不在分點歷史資料的 400 檔股票內,,,,,,,,,
6535,上櫃,2025-04-09,2025-04-10,2025-06-09,1000000.0,355000.0,Y,不在分點歷史資料的 400 檔股票內,,,,,,,,,
6538,上櫃,2026-03-11,2026-03-12,2026-05-11,1540000.0,788000.0,Y,不在分點歷史資料的 400 檔股票內,,,,,,,,,
6542,上櫃,2026-01-27,2026-01-28,2026-03-27,1000000.0,1000000.0,Y,不在分點歷史資料的 400 檔股票內,,,,,,,,,
6548,上櫃,2025-03-12,2025-03-13,2025-05-12,5000000.0,5000000.0,Y,不在分點歷史資料的 400 檔股票內,,,,,,,,,
6548,上櫃,2025-04-14,2025-04-15,2025-06-14,15000000.0,11942000.0,Y,不在分點歷史資料的 400 檔股票內,,,,,,,,,
6561,上櫃,2026-02-25,2026-02-26,2026-04-25,1000000.0,1000000.0,Y,不在分點歷史資料的 400 檔股票內,,,,,,,,,
6584,上櫃,2025-04-10,2025-04-10,2025-05-09,1300000.0,23000.0,Y,辨識成功,股數對上,9256,凱基南崁,4.78,0.0,100,9256 凱基南崁,4.8,0.0
6589,上市,2024-12-16,2024-12-17,2025-02-16,4000000.0,4000000.0,Y,不在分點歷史資料的 400 檔股票內,,,,,,,,,
6589,上市,2026-05-14,2026-05-15,2026-07-13,5000000.0,5000000.0,Y,不在分點歷史資料的 400 檔股票內,,,,,,,,,
6593,上櫃,2023-08-07,2023-08-08,2023-10-07,500000.0,0.0,Y,執行中或尚無實際買回股數(無法推算),,,,,,,,,
6597,上櫃,2025-06-13,2025-06-16,2025-08-15,1000000.0,840000.0,Y,不在分點歷史資料的 400 檔股票內,,,,,,,,,
6603,上櫃,2024-03-29,2024-04-01,2024-05-28,3000000.0,2949000.0,Y,不在分點歷史資料的 400 檔股票內,,,,,,,,,
6603,上櫃,2026-08-12,2026-08-13,2026-10-11,5000000.0,,N,執行中或尚無實際買回股數(無法推算),,,,,,,,,
6612,上櫃,2026-01-14,2026-01-15,2026-03-13,300000.0,174000.0,Y,不在分點歷史資料的 400 檔股票內,,,,,,,,,
6612,上櫃,2026-05-12,2026-05-13,2026-07-10,300000.0,189000.0,Y,不在分點歷史資料的 400 檔股票內,,,,,,,,,
6612,上櫃,2026-08-11,2026-08-12,2026-10-08,200000.0,,N,執行中或尚無實際買回股數(無法推算),,,,,,,,,
6617,上櫃,2024-08-22,2024-08-23,2024-10-22,1000000.0,905000.0,Y,不在分點歷史資料的 400 檔股票內,,,,,,,,,
6617,上櫃,2024-12-17,2024-12-18,2025-02-17,2000000.0,1985000.0,Y,不在分點歷史資料的 400 檔股票內,,,,,,,,,
6617,上櫃,2025-04-16,2025-04-17,2025-06-16,2000000.0,1996000.0,Y,不在分點歷史資料的 400 檔股票內,,,,,,,,,
6617,上櫃,2026-02-11,2026-02-12,2026-04-11,1500000.0,1500000.0,Y,不在分點歷史資料的 400 檔股票內,,,,,,,,,
6620,上櫃,2026-02-11,2026-02-12,2026-04-11,2000000.0,2000000.0,Y,不在分點歷史資料的 400 檔股票內,,,,,,,,,
6620,上櫃,2026-04-16,2026-04-17,2026-06-16,4000000.0,4000000.0,Y,不在分點歷史資料的 400 檔股票內,,,,,,,,,
6620,上櫃,2026-09-07,2026-09-07,2026-11-06,3000000.0,,N,執行中或尚無實際買回股數(無法推算),,,,,,,,,
6640,上櫃,2024-11-01,2024-11-04,2025-01-03,300000.0,240000.0,Y,無法辨識(沒有分點符合),,,,,,,5850 統一,-18.2,41.8
6640,上櫃,2025-04-17,2025-04-18,2025-06-17,300000.0,85000.0,Y,無法辨識(沒有分點符合),,,,,,,9100 群益,1.9,48.5
6643,上櫃,2025-04-14,2025-04-15,2025-06-14,250000.0,7000.0,Y,"無法辨識(有 2 個分點都符合,不挑)",,,,,,,983K 元大學甲,0.3,66.7
6645,上市,2025-04-14,2025-04-15,2025-06-14,790000.0,240000.0,Y,不在分點歷史資料的 400 檔股票內,,,,,,,,,
6655,上市,2023-03-15,2023-03-16,2023-05-15,1500000.0,1059000.0,Y,不在分點歷史資料的 400 檔股票內,,,,,,,,,
6655,上市,2024-07-04,2024-07-05,2024-09-04,1200000.0,955000.0,Y,不在分點歷史資料的 400 檔股票內,,,,,,,,,
6655,上市,2026-09-03,2026-09-04,2026-11-02,400000.0,,N,執行中或尚無實際買回股數(無法推算),,,,,,,,,
6657,上市,2025-11-24,2025-11-25,2026-01-24,900000.0,900000.0,Y,不在分點歷史資料的 400 檔股票內,,,,,,,,,
6679,上櫃,2025-04-07,2025-04-08,2025-06-06,1500000.0,991000.0,Y,不在分點歷史資料的 400 檔股票內,,,,,,,,,
6692,上櫃,2026-03-24,2026-03-25,2026-05-22,1500000.0,897000.0,Y,不在分點歷史資料的 400 檔股票內,,,,,,,,,
6693,上櫃,2025-06-03,2025-06-04,2025-08-03,1500000.0,674000.0,Y,不在分點歷史資料的 400 檔股票內,,,,,,,,,
6703,上櫃,2024-11-13,2024-11-14,2025-01-13,200000.0,200000.0,Y,不在分點歷史資料的 400 檔股票內,,,,,,,,,
6708,上櫃,2024-12-19,2024-12-20,2025-02-19,500000.0,420000.0,Y,不在分點歷史資料的 400 檔股票內,,,,,,,,,
6712,上櫃,2023-08-15,2023-08-16,2023-10-15,2000000.0,1860000.0,Y,不在分點歷史資料的 400 檔股票內,,,,,,,,,
6712,上櫃,2025-02-20,2025-02-21,2025-04-20,2000000.0,1922000.0,Y,不在分點歷史資料的 400 檔股票內,,,,,,,,,
6712,上櫃,2026-05-15,2026-05-18,2026-07-14,2000000.0,1275000.0,Y,不在分點歷史資料的 400 檔股票內,,,,,,,,,
6715,上市,2025-04-11,2025-04-14,2025-06-13,1000000.0,324000.0,Y,不在分點歷史資料的 400 檔股票內,,,,,,,,,
6716,上櫃,2025-05-08,2025-05-09,2025-07-08,590000.0,590000.0,Y,不在分點歷史資料的 400 檔股票內,,,,,,,,,
6720,上櫃,2025-07-31,2025-08-01,2025-09-30,500000.0,250000.0,Y,不在分點歷史資料的 400 檔股票內,,,,,,,,,
6720,上櫃,2026-06-02,2026-06-03,2026-07-31,300000.0,300000.0,Y,不在分點歷史資料的 400 檔股票內,,,,,,,,,
6725,上櫃,2026-03-11,2026-03-12,2026-05-11,145000.0,121000.0,Y,不在分點歷史資料的 400 檔股票內,,,,,,,,,
6739,上櫃,2023-08-09,2023-08-10,2023-10-06,200000.0,157000.0,Y,不在分點歷史資料的 400 檔股票內,,,,,,,,,
6741,上櫃,2025-01-13,2025-01-14,2025-03-12,2500000.0,2100000.0,Y,不在分點歷史資料的 400 檔股票內,,,,,,,,,
6741,上櫃,2025-04-11,2025-04-14,2025-05-09,2000000.0,1470000.0,Y,不在分點歷史資料的 400 檔股票內,,,,,,,,,
6741,上櫃,2026-04-28,2026-04-29,2026-06-26,5000000.0,3961000.0,Y,不在分點歷史資料的 400 檔股票內,,,,,,,,,
6742,上市,2024-12-26,2024-12-27,2025-02-26,1500000.0,10000.0,Y,不在分點歷史資料的 400 檔股票內,,,,,,,,,
6742,上市,2025-04-23,2025-04-24,2025-06-23,1500000.0,763000.0,Y,不在分點歷史資料的 400 檔股票內,,,,,,,,,
6761,上櫃,2025-04-10,2025-04-11,2025-06-09,1500000.0,174000.0,Y,不在分點歷史資料的 400 檔股票內,,,,,,,,,
6771,上市,2026-08-11,2026-08-11,2026-10-08,1000000.0,,N,執行中或尚無實際買回股數(無法推算),,,,,,,,,
6796,上市,2025-04-17,2025-04-18,2025-06-17,300000.0,0.0,Y,執行中或尚無實際買回股數(無法推算),,,,,,,,,
6804,上櫃,2026-08-07,2026-08-10,2026-10-07,1000000.0,,N,執行中或尚無實際買回股數(無法推算),,,,,,,,,
6821,上櫃,2025-04-14,2025-04-15,2025-06-14,1000000.0,355000.0,Y,不在分點歷史資料的 400 檔股票內,,,,,,,,,
6821,上櫃,2025-11-12,2025-11-13,2026-01-12,500000.0,500000.0,Y,不在分點歷史資料的 400 檔股票內,,,,,,,,,
6823,上櫃,2024-08-01,2024-08-02,2024-10-01,250000.0,28000.0,Y,不在分點歷史資料的 400 檔股票內,,,,,,,,,
6835,上市,2025-05-12,2025-05-13,2025-07-12,500000.0,444000.0,Y,不在分點歷史資料的 400 檔股票內,,,,,,,,,
6841,上櫃,2025-01-13,2025-01-14,2025-03-13,4000000.0,2088000.0,Y,不在分點歷史資料的 400 檔股票內,,,,,,,,,
6841,上櫃,2026-09-29,2026-09-30,2026-11-27,1714000.0,,N,執行中或尚無實際買回股數(無法推算),,,,,,,,,
6844,上櫃,2024-05-08,2024-05-09,2024-07-08,1000000.0,604000.0,Y,不在分點歷史資料的 400 檔股票內,,,,,,,,,
6854,上市,2025-06-25,2025-06-26,2025-08-25,1000000.0,608000.0,Y,不在分點歷史資料的 400 檔股票內,,,,,,,,,
6865,上櫃,2025-11-11,2025-11-12,2026-01-11,300000.0,200000.0,Y,不在分點歷史資料的 400 檔股票內,,,,,,,,,
6865,上櫃,2026-03-10,2026-03-11,2026-05-10,200000.0,140000.0,Y,不在分點歷史資料的 400 檔股票內,,,,,,,,,
6869,上市,2024-12-16,2024-12-16,2025-02-15,1500000.0,1500000.0,Y,辨識成功,股數對上,9A92,永豐萬盛,-0.15,1.69,96,9A92 永豐萬盛,-0.1,1.7
6869,上市,2025-04-09,2025-04-09,2025-06-08,2000000.0,148000.0,Y,無法辨識(沒有分點符合),,,,,,,616A 中信中壢,2.0,43.9
6869,上市,2025-11-14,2025-11-14,2026-01-13,3000000.0,2832000.0,Y,無法辨識(沒有分點符合),,,,,,,9268 凱基台北,-46.0,73.6
6873,上市,2026-04-07,2026-04-08,2026-06-07,3000000.0,2886000.0,Y,不在分點歷史資料的 400 檔股票內,,,,,,,,,
6874,上櫃,2025-05-12,2025-05-14,2025-07-12,500000.0,218000.0,Y,不在分點歷史資料的 400 檔股票內,,,,,,,,,
6874,上櫃,2025-11-07,2025-11-10,2026-01-09,220000.0,220000.0,Y,不在分點歷史資料的 400 檔股票內,,,,,,,,,
6877,上櫃,2024-05-23,2024-05-24,2024-07-23,400000.0,400000.0,Y,不在分點歷史資料的 400 檔股票內,,,,,,,,,
6899,上櫃,2025-03-06,2025-03-07,2025-05-06,500000.0,500000.0,Y,不在分點歷史資料的 400 檔股票內,,,,,,,,,
6903,上櫃,2025-08-10,2025-08-11,2025-10-10,1000000.0,828000.0,Y,不在分點歷史資料的 400 檔股票內,,,,,,,,,
6906,上市,2025-04-09,2025-04-10,2025-06-09,1300000.0,1300000.0,Y,不在分點歷史資料的 400 檔股票內,,,,,,,,,
6913,上櫃,2025-04-16,2025-04-17,2025-06-13,500000.0,268000.0,Y,不在分點歷史資料的 400 檔股票內,,,,,,,,,
6918,上市,2025-11-10,2025-11-11,2026-01-10,500000.0,500000.0,Y,不在分點歷史資料的 400 檔股票內,,,,,,,,,
6919,上市,2025-10-13,2025-10-14,2025-12-13,1800000.0,901000.0,Y,無法辨識(沒有分點符合),,,,,,,9100 群益,-0.3,74.7
6923,上市,2025-04-10,2025-04-11,2025-06-10,2000000.0,400000.0,Y,不在分點歷史資料的 400 檔股票內,,,,,,,,,
6923,上市,2026-04-17,2026-04-20,2026-06-19,1500000.0,1049000.0,Y,不在分點歷史資料的 400 檔股票內,,,,,,,,,
6924,上市,2025-11-11,2025-11-12,2026-01-11,300000.0,226000.0,Y,不在分點歷史資料的 400 檔股票內,,,,,,,,,
6937,上市,2025-04-10,2025-04-11,2025-06-09,250000.0,180000.0,Y,不在分點歷史資料的 400 檔股票內,,,,,,,,,
6945,上櫃,2026-08-11,2026-08-12,2026-10-11,2000000.0,,N,執行中或尚無實際買回股數(無法推算),,,,,,,,,
6952,上市,2024-11-22,2024-11-25,2025-01-24,1000000.0,1000000.0,Y,不在分點歷史資料的 400 檔股票內,,,,,,,,,
6952,上市,2025-05-09,2025-05-12,2025-06-30,2000000.0,0.0,Y,執行中或尚無實際買回股數(無法推算),,,,,,,,,
6957,上市,2025-04-10,2025-04-11,2025-06-10,1000000.0,684000.0,Y,不在分點歷史資料的 400 檔股票內,,,,,,,,,
6958,上市,2026-03-10,2026-03-11,2026-05-10,2000000.0,2000000.0,Y,不在分點歷史資料的 400 檔股票內,,,,,,,,,
6967,上櫃,2025-04-18,2025-04-21,2025-06-20,500000.0,500000.0,Y,不在分點歷史資料的 400 檔股票內,,,,,,,,,
6986,上櫃,2026-09-18,2026-09-18,2026-11-17,1500000.0,,N,執行中或尚無實際買回股數(無法推算),,,,,,,,,
6988,上市,2025-01-14,2025-01-15,2025-03-13,2000000.0,1276000.0,Y,不在分點歷史資料的 400 檔股票內,,,,,,,,,
6988,上市,2026-01-16,2026-01-19,2026-03-18,1200000.0,1200000.0,Y,不在分點歷史資料的 400 檔股票內,,,,,,,,,
6988,上市,2026-03-31,2026-04-01,2026-05-29,1000000.0,1000000.0,Y,不在分點歷史資料的 400 檔股票內,,,,,,,,,
7584,上櫃,2026-03-10,2026-03-11,2026-05-10,400000.0,400000.0,Y,不在分點歷史資料的 400 檔股票內,,,,,,,,,
7704,上櫃,2025-05-05,2025-05-06,2025-07-05,1600000.0,651000.0,Y,不在分點歷史資料的 400 檔股票內,,,,,,,,,
7711,上市,2026-03-17,2026-03-18,2026-05-17,1500000.0,48000.0,Y,不在分點歷史資料的 400 檔股票內,,,,,,,,,
7715,上櫃,2025-09-18,2025-09-19,2025-11-18,1000000.0,1000000.0,Y,不在分點歷史資料的 400 檔股票內,,,,,,,,,
7718,上櫃,2025-08-11,2025-08-12,2025-10-11,1000000.0,800000.0,Y,不在分點歷史資料的 400 檔股票內,,,,,,,,,
7723,上櫃,2025-10-13,2025-10-14,2025-12-13,1000000.0,1000000.0,Y,不在分點歷史資料的 400 檔股票內,,,,,,,,,
7723,上櫃,2026-03-12,2026-03-13,2026-05-12,2000000.0,2000000.0,Y,不在分點歷史資料的 400 檔股票內,,,,,,,,,
7732,上市,2025-04-17,2025-04-18,2025-06-17,3000000.0,1320000.0,Y,不在分點歷史資料的 400 檔股票內,,,,,,,,,
7732,上市,2025-11-12,2025-11-13,2026-01-12,1200000.0,1000000.0,Y,不在分點歷史資料的 400 檔股票內,,,,,,,,,
7734,上櫃,2025-04-16,2025-04-17,2025-06-15,500000.0,250000.0,Y,無法辨識(沒有分點符合),,,,,,,8150 台新,-35.7,41.6
7736,上市,2025-04-10,2025-04-19,2025-06-10,1000000.0,425000.0,Y,不在分點歷史資料的 400 檔股票內,,,,,,,,,
7749,上市,2026-08-21,2026-08-24,2026-10-20,900000.0,,N,執行中或尚無實際買回股數(無法推算),,,,,,,,,
7757,上櫃,2026-09-23,2026-09-24,2026-11-22,723000.0,,N,執行中或尚無實際買回股數(無法推算),,,,,,,,,
7760,上市,2026-06-15,2026-06-16,2026-08-14,1500000.0,1500000.0,Y,不在分點歷史資料的 400 檔股票內,,,,,,,,,
7769,上市,2025-04-21,2025-04-22,2025-06-21,3500000.0,27000.0,Y,無法辨識(沒有分點符合),,,,,,,9A92 永豐金-萬盛,0.0,44.5
7780,上市,2026-03-25,2026-03-26,2026-05-25,7500000.0,4460000.0,Y,不在分點歷史資料的 400 檔股票內,,,,,,,,,
7818,上市,2026-06-22,2026-06-23,2026-08-21,3000000.0,3000000.0,Y,不在分點歷史資料的 400 檔股票內,,,,,,,,,
7820,上櫃,2026-08-06,2026-08-07,2026-10-05,300000.0,300000.0,Y,不在分點歷史資料的 400 檔股票內,,,,,,,,,
7823,上市,2026-05-08,2026-05-11,2026-07-06,665000.0,665000.0,Y,不在分點歷史資料的 400 檔股票內,,,,,,,,,
7823,上市,2026-08-04,2026-08-05,2026-10-02,400000.0,400000.0,Y,不在分點歷史資料的 400 檔股票內,,,,,,,,,
7842,上櫃,2026-08-06,2026-08-06,2026-10-05,825000.0,825000.0,Y,不在分點歷史資料的 400 檔股票內,,,,,,,,,
8011,上市,2024-03-08,2024-03-11,2024-05-10,5000000.0,5000000.0,Y,不在分點歷史資料的 400 檔股票內,,,,,,,,,
8021,上市,2025-04-10,2025-04-11,2025-06-10,1000000.0,808000.0,Y,辨識成功,穩定買超,989j,元大樹林,16.12,1.62,97,989j 元大樹林,16.1,1.6
8027,上櫃,2023-03-21,2023-03-22,2023-05-21,1000000.0,1000000.0,Y,辨識成功,股數對上,1023,合庫高雄,4.33,2.43,82,1023 合庫高雄,4.3,2.4
8027,上櫃,2023-06-05,2023-06-06,2023-08-05,1000000.0,1000000.0,Y,無法辨識(沒有分點符合),,,,,,,1023 合庫高雄,-6.1,12.3
8027,上櫃,2025-04-09,2025-04-10,2025-06-09,1500000.0,1375000.0,Y,無法辨識(沒有分點符合),,,,,,,1023 合庫高雄,1.6,7.9
8027,上櫃,2026-03-06,2026-03-07,2026-05-06,1500000.0,400000.0,Y,辨識成功,穩定買超,585Z,統一松江,-25.19,45.18,70,1023 合庫高雄,-2.3,49.0
8028,上市,2026-05-12,2026-05-12,2026-07-11,1000000.0,700000.0,Y,無法辨識(沒有分點符合),,,,,,,779c 國票敦北,-5.2,75.2
8028,上市,2026-08-13,2026-08-13,2026-10-12,300000.0,300000.0,Y,買回期間超出分點歷史資料的日期範圍,,,,,,,,,
8039,上市,2025-04-11,2025-04-14,2025-06-13,10000000.0,0.0,Y,執行中或尚無實際買回股數(無法推算),,,,,,,,,
8070,上市,2023-11-07,2023-11-08,2024-01-07,2000000.0,2000000.0,Y,不在分點歷史資料的 400 檔股票內,,,,,,,,,
8087,上櫃,2025-10-21,2025-10-23,2025-12-21,800000.0,800000.0,Y,不在分點歷史資料的 400 檔股票內,,,,,,,,,
8091,上櫃,2025-04-18,2025-04-21,2025-06-20,1500000.0,1427000.0,Y,不在分點歷史資料的 400 檔股票內,,,,,,,,,
8097,上櫃,2024-02-15,2024-02-16,2024-04-15,1500000.0,1500000.0,Y,不在分點歷史資料的 400 檔股票內,,,,,,,,,
8097,上櫃,2024-07-11,2024-07-12,2024-09-11,2000000.0,2000000.0,Y,不在分點歷史資料的 400 檔股票內,,,,,,,,,
8097,上櫃,2025-04-08,2025-04-09,2025-06-08,2265000.0,2262000.0,Y,不在分點歷史資料的 400 檔股票內,,,,,,,,,
8097,上櫃,2026-03-12,2026-03-13,2026-05-12,1500000.0,1500000.0,Y,不在分點歷史資料的 400 檔股票內,,,,,,,,,
8097,上櫃,2026-05-06,2026-05-07,2026-07-05,2000000.0,2000000.0,Y,不在分點歷史資料的 400 檔股票內,,,,,,,,,
8103,上市,2025-04-23,2025-04-24,2025-06-23,4000000.0,2000000.0,Y,不在分點歷史資料的 400 檔股票內,,,,,,,,,
8109,上櫃,2026-03-25,2026-03-26,2026-05-25,1000000.0,788000.0,Y,不在分點歷史資料的 400 檔股票內,,,,,,,,,
8110,上市,2023-01-17,2023-01-18,2023-03-17,2000000.0,2000000.0,Y,辨識成功,股數對上,984K,元大館前,-0.45,1.53,85,984K 元大館前,-0.4,1.5
8110,上市,2024-03-27,2024-03-28,2024-05-27,10000000.0,10000000.0,Y,辨識成功,股數對上,984K,元大館前,-0.77,3.57,88,984K 元大館前,-0.8,3.6
8150,上市,2025-01-21,2025-01-22,2025-03-21,10000000.0,10000000.0,Y,辨識成功,股數對上,9200,凱基,-0.88,1.46,94,9200 凱基,-0.9,1.5
8150,上市,2025-05-13,2025-05-14,2025-07-13,15000000.0,9105000.0,Y,辨識成功,穩定買超,9200,凱基,-11.93,12.05,74,9200 凱基,-11.9,12.1
8150,上市,2025-09-02,2025-09-03,2025-11-01,15000000.0,12717000.0,Y,辨識成功,穩定買超,9200,凱基,5.72,1.34,92,9200 凱基,5.7,1.3
8171,上櫃,2023-10-19,2023-10-20,2023-12-19,2000000.0,1114000.0,Y,不在分點歷史資料的 400 檔股票內,,,,,,,,,
8171,上櫃,2026-08-13,2026-08-14,2026-10-12,2000000.0,,N,執行中或尚無實際買回股數(無法推算),,,,,,,,,
8271,上市,2025-04-21,2025-04-22,2025-06-20,1000000.0,600000.0,Y,無法辨識(沒有分點符合),,,,,,,1480 美商高盛,-25.5,51.1
8349,上櫃,2026-03-11,2026-03-12,2026-05-10,5000000.0,4894000.0,Y,不在分點歷史資料的 400 檔股票內,,,,,,,,,
8358,上櫃,2025-04-14,2025-04-15,2025-06-13,4167000.0,170000.0,Y,無法辨識(沒有分點符合),,,,,,,918d 群益內湖,1.2,55.4
8358,上櫃,2026-04-13,2026-04-14,2026-06-12,1000000.0,0.0,Y,執行中或尚無實際買回股數(無法推算),,,,,,,,,
8421,上櫃,2023-01-12,2023-01-13,2023-03-12,600000.0,568000.0,Y,不在分點歷史資料的 400 檔股票內,,,,,,,,,
8421,上櫃,2025-05-13,2025-05-14,2025-07-13,800000.0,702000.0,Y,不在分點歷史資料的 400 檔股票內,,,,,,,,,
8431,上櫃,2025-04-10,2025-04-11,2025-06-10,1000000.0,1000000.0,Y,不在分點歷史資料的 400 檔股票內,,,,,,,,,
8436,上櫃,2026-08-10,2026-08-11,2026-10-09,500000.0,500000.0,Y,不在分點歷史資料的 400 檔股票內,,,,,,,,,
8437,上櫃,2024-12-31,2025-01-02,2025-03-01,1000000.0,837000.0,Y,不在分點歷史資料的 400 檔股票內,,,,,,,,,
8466,上市,2026-06-10,2026-06-10,2026-08-09,1000000.0,510000.0,Y,不在分點歷史資料的 400 檔股票內,,,,,,,,,
8467,上市,2025-04-09,2025-04-10,2025-06-09,2000000.0,1458000.0,Y,不在分點歷史資料的 400 檔股票內,,,,,,,,,
8467,上市,2025-12-15,2025-12-16,2026-02-11,2000000.0,2000000.0,Y,不在分點歷史資料的 400 檔股票內,,,,,,,,,
8476,上市,2025-04-10,2025-04-11,2025-06-10,5000000.0,3335000.0,Y,不在分點歷史資料的 400 檔股票內,,,,,,,,,
8476,上市,2025-07-23,2025-07-24,2025-09-23,3000000.0,1617000.0,Y,不在分點歷史資料的 400 檔股票內,,,,,,,,,
8482,上市,2025-01-15,2025-01-16,2025-03-15,3000000.0,2361000.0,Y,不在分點歷史資料的 400 檔股票內,,,,,,,,,
8499,上市,2025-04-10,2025-04-11,2025-06-10,1500000.0,320000.0,Y,不在分點歷史資料的 400 檔股票內,,,,,,,,,
8908,上櫃,2025-05-13,2025-05-14,2025-07-13,1000000.0,682000.0,Y,不在分點歷史資料的 400 檔股票內,,,,,,,,,
8908,上櫃,2025-11-12,2025-11-13,2026-01-12,1000000.0,258000.0,Y,不在分點歷史資料的 400 檔股票內,,,,,,,,,
8908,上櫃,2026-04-14,2026-04-15,2026-06-14,1000000.0,1000000.0,Y,不在分點歷史資料的 400 檔股票內,,,,,,,,,
8908,上櫃,2026-05-12,2026-05-13,2026-07-11,3500000.0,3484000.0,Y,不在分點歷史資料的 400 檔股票內,,,,,,,,,
8916,上櫃,2025-08-07,2025-08-08,2025-10-07,4000000.0,1592000.0,Y,不在分點歷史資料的 400 檔股票內,,,,,,,,,
8916,上櫃,2026-03-09,2026-03-10,2026-05-08,2000000.0,1784000.0,Y,不在分點歷史資料的 400 檔股票內,,,,,,,,,
8927,上櫃,2025-10-13,2025-10-14,2025-12-12,7000000.0,4304000.0,Y,不在分點歷史資料的 400 檔股票內,,,,,,,,,
8927,上櫃,2025-12-26,2025-12-26,2026-02-25,7000000.0,4254000.0,Y,不在分點歷史資料的 400 檔股票內,,,,,,,,,
8927,上櫃,2026-03-06,2026-03-06,2026-05-05,7000000.0,4474000.0,Y,不在分點歷史資料的 400 檔股票內,,,,,,,,,
8930,上櫃,2025-11-07,2025-11-10,2026-01-09,3000000.0,1522000.0,Y,不在分點歷史資料的 400 檔股票內,,,,,,,,,
8932,上櫃,2025-04-18,2025-04-21,2025-06-20,1500000.0,1141000.0,Y,無法辨識(沒有分點符合),,,,,,,8440 摩根大通,-0.0,61.8
8932,上櫃,2025-11-26,2025-11-27,2026-01-26,1200000.0,775000.0,Y,辨識成功,穩定買超,585U,統一南京,-14.04,41.14,74,5850 統一,-3.7,68.8
8937,上櫃,2025-11-05,2025-11-06,2026-01-05,2000000.0,735000.0,Y,不在分點歷史資料的 400 檔股票內,,,,,,,,,
8937,上櫃,2026-02-06,2026-02-06,2026-04-05,1000000.0,1000000.0,Y,不在分點歷史資料的 400 檔股票內,,,,,,,,,
8996,上市,2025-04-15,2025-04-16,2025-06-13,1000000.0,500000.0,Y,辨識成功,穩定買超,700U,兆豐桃鶯,-6.55,24.74,76,700U 兆豐桃鶯,-6.6,24.7
9921,上市,2026-05-08,2026-05-08,2026-07-07,4000000.0,4000000.0,Y,辨識成功,穩定買超,918g,群益大甲,-5.78,19.82,86,918g 群益大甲,-5.8,19.8
9935,上市,2025-08-07,2025-08-08,2025-10-07,2000000.0,1998000.0,Y,不在分點歷史資料的 400 檔股票內,,,,,,,,,
9946,上市,2025-04-15,2025-04-16,2025-06-15,3000000.0,2130000.0,Y,不在分點歷史資料的 400 檔股票內,,,,,,,,,
9946,上市,2026-05-12,2026-05-12,2026-07-11,3000000.0,3000000.0,Y,不在分點歷史資料的 400 檔股票內,,,,,,,,,
9951,上櫃,2025-04-21,2025-04-22,2025-06-21,1500000.0,540000.0,Y,不在分點歷史資料的 400 檔股票內,,,,,,,,,
9951,上櫃,2025-08-11,2025-08-12,2025-10-11,2000000.0,1600000.0,Y,不在分點歷史資料的 400 檔股票內,,,,,,,,,
9951,上櫃,2026-05-07,2026-05-08,2026-07-06,1000000.0,1000000.0,Y,不在分點歷史資料的 400 檔股票內,,,,,,,,,
9958,上市,2025-04-10,2025-04-11,2025-06-10,5000000.0,5000000.0,Y,辨識成功,穩定買超,9834,元大中壢,19.85,23.88,93,9834 元大中壢,19.8,23.9
9958,上市,2025-06-05,2025-06-06,2025-08-05,5000000.0,5000000.0,Y,辨識成功,股數對上,9834,元大中壢,3.11,34.63,81,9834 元大中壢,3.1,34.6
